L_slow,L_fast,L_diff,n,d,k,seed,subsample_size,steps
53.83383,51.05546,-2.77837,1025010,11,5,0,0.01,5
51.732357,51.055603,-0.676754,1025010,11,5,0,0.01,5
51.268795,51.051254,-0.21754074,1025010,11,5,0,0.01,5
51.129784,51.048237,-0.08154678,1025010,11,5,0,0.01,5
51.0639,51.046154,-0.017745972,1025010,11,5,0,0.01,5
51.0205,51.045635,0.02513504,1025010,11,5,0,0.01,5
