L_slow,L_fast,L_diff,n,d,k,seed,subsample_size,steps
7948225.197907766,4155893.36209318,-3792331.8358145864,1000000,16,3,0,0.01,8
6173304.038676759,4155893.36209318,-2017410.6765835793,1000000,16,3,0,0.01,8
5336128.093038993,4155893.36209318,-1180234.730945813,1000000,16,3,0,0.01,8
4753919.176167204,4155893.36209318,-598025.8140740241,1000000,16,3,0,0.01,8
4352433.587334714,4155893.36209318,-196540.22524153395,1000000,16,3,0,0.01,8
4209241.063750381,4155893.36209318,-53347.7016572007,1000000,16,3,0,0.01,8
4170475.557669041,4155893.36209318,-14582.19557586126,1000000,16,3,0,0.01,8
4159742.7760882727,4155893.36209318,-3849.4139950927347,1000000,16,3,0,0.01,8
4156765.440240709,4155893.36209318,-872.0781475291587,1000000,16,3,0,0.01,8
