L_slow,L_fast,L_diff,n,d,k,seed,subsample_size,steps
515.6519936924014,380.431613135407,-135.22038055699443,531441,12,5,0,0.01,5
415.8926362524482,380.431613135407,-35.46102311704118,531441,12,5,0,0.01,5
385.4683158063267,380.431613135407,-5.036702670919681,531441,12,5,0,0.01,5
381.0002758330477,380.431613135407,-0.5686626976406615,531441,12,5,0,0.01,5
380.3113663014882,380.431613135407,0.12024683391882718,531441,12,5,0,0.01,5
380.20133432985995,380.431613135407,0.2302788055470728,531441,12,5,0,0.01,5
