L_slow,L_fast,L_diff,n,d,k,seed,subsample_size,steps
50.943825,47.70859,-3.2352333,1025010,11,6,0,0.01,1
47.681374,47.753418,0.07204437,1025010,11,6,0,0.01,1
