L_slow,L_fast,L_diff,n,d,k,seed,subsample_size,steps
455.18061395572175,400.47795453326336,-54.702659422458396,4603861,9,8,0,0.01,4
434.5226225390003,400.48461113725773,-34.03801140174255,4603861,9,8,0,0.01,4
432.3703142171738,400.48461113725773,-31.885703079916084,4603861,9,8,0,0.01,4
431.8186710031262,400.47795453326336,-31.340716469862855,4603861,9,8,0,0.01,4
431.5933608399964,400.47795453326336,-31.115406306733064,4603861,9,8,0,0.01,4
