L_slow,L_fast,L_diff,n,d,k,seed,subsample_size,steps
6001.638110312427,4239.408646240653,-1762.2294640717737,1000000,19,6,0,0.01,6
4486.2104350740165,4239.408646240653,-246.8017888333634,1000000,19,6,0,0.01,6
4287.050485441789,4239.408646240653,-47.641839201135554,1000000,19,6,0,0.01,6
4250.074356478438,4239.408646240653,-10.665710237784879,1000000,19,6,0,0.01,6
4238.894403448107,4239.408646240653,0.5142427925457014,1000000,19,6,0,0.01,6
4234.24169926492,4239.408646240653,5.166946975733481,1000000,19,6,0,0.01,6
4232.106296310646,4239.408646240653,7.30234993000704,1000000,19,6,0,0.01,6
