L_slow,L_fast,L_diff,n,d,k,seed,subsample_size,steps
53.83383,51.05546,-2.77837,1025010,11,5,0,0.01,1
51.005974,51.09888,0.09290695,1025010,11,5,0,0.01,1
