L_slow,L_fast,L_diff,n,d,k,seed,subsample_size,steps
498.4704873650597,477.53213504476145,-20.938352320298236,581835,10,4,0,0.01,4
486.8697586900861,477.53213504476145,-9.33762364532464,581835,10,4,0,0.01,4
483.80981007817235,477.53213504476145,-6.277675033410901,581835,10,4,0,0.01,4
482.89289605896914,477.53213504476145,-5.3607610142076965,581835,10,4,0,0.01,4
482.56601767653075,477.53213504476145,-5.033882631769302,581835,10,4,0,0.01,4
