L_slow,L_fast,L_diff,n,d,k,seed,subsample_size,steps
594.3437988577115,529.0875714172248,-65.25622744048667,581835,10,3,0,0.01,4
537.1785582760963,529.0875714172248,-8.090986858871474,581835,10,3,0,0.01,4
530.1131452064559,529.0875714172248,-1.025573789231089,581835,10,3,0,0.01,4
529.0243691140417,529.0875714172248,0.0632023031830613,581835,10,3,0,0.01,4
528.7842336754278,529.0875714172248,0.3033377417970087,581835,10,3,0,0.01,4
