L_slow,L_fast,L_diff,n,d,k,seed,subsample_size,steps
57.356552,54.86678,-2.4897728,1025010,11,4,0,0.01,1
54.81711,54.835068,0.017959595,1025010,11,4,0,0.01,1
