L_slow,L_fast,L_diff,n,d,k,seed,subsample_size,steps
5207.310245097741,2700.7913393811077,-2506.5189057166335,1000000,19,8,0,0.01,2
2696.232941521762,2699.636333876578,3.403392354816333,1000000,19,8,0,0.01,2
2695.509241451067,2696.2442875278193,0.7350460767524964,1000000,19,8,0,0.01,2
