L_slow,L_fast,L_diff,n,d,k,seed,subsample_size,steps
48.115726,45.270782,-2.844944,1025010,11,7,0,0.01,5
46.13446,45.297783,-0.83667755,1025010,11,7,0,0.01,5
45.658016,45.294994,-0.36302185,1025010,11,7,0,0.01,5
45.50897,45.29448,-0.21448898,1025010,11,7,0,0.01,5
45.445503,45.295143,-0.1503601,1025010,11,7,0,0.01,5
45.408577,45.294086,-0.11449051,1025010,11,7,0,0.01,5
