L_slow,L_fast,L_diff,n,d,k,seed,subsample_size,steps,t_A,t_B,t_sketching,t_sampling,t_choose_best,t_sampling_centroids,t_get_avg,t_permutation
693859.0682639945,482932.465504079,-210926.60275991552,7619400,5,3,0,0.01,1,546.875,125.0,968.75,0.0,0.0,0.0,1218.75,2578.125
482910.51243060624,482927.3046472825,16.792216676287353,7619400,5,3,0,0.01,1,0.0,140.625,921.875,0.0,0.0,0.0,1218.75,0.0
