L_slow,L_fast,L_diff,n,d,k,seed,subsample_size,steps
750.8291405115772,740.9064534167318,-9.9226870948454,531441,12,3,0,0.01,3
742.6322177773959,740.9064534167318,-1.7257643606641295,531441,12,3,0,0.01,3
741.0727397999574,740.9064534167318,-0.16628638322561073,531441,12,3,0,0.01,3
740.7239043280047,740.9064534167318,0.1825490887271144,531441,12,3,0,0.01,3
