L_slow,L_fast,L_diff,n,d,k,seed,subsample_size,steps
50465981577.641525,30577904722.895275,-19888076854.74625,1000000,13,10,0,0.01,7
37121622222.26882,30577904722.895275,-6543717499.373547,1000000,13,10,0,0.01,7
33514316839.659252,30577904722.895275,-2936412116.763977,1000000,13,10,0,0.01,7
31640406727.919033,30577904722.895275,-1062502005.0237579,1000000,13,10,0,0.01,7
30785334750.6335,30577904722.895275,-207430027.73822403,1000000,13,10,0,0.01,7
30620515073.23879,30577944295.073753,-42570778.16503525,1000000,13,10,0,0.01,7
30568726730.371067,30577944295.073753,9217564.70268631,1000000,13,10,0,0.01,7
30547404459.02611,30575824566.85118,28420107.825069427,1000000,13,10,0,0.01,7
