L_slow,L_fast,L_diff,n,d,k,seed,subsample_size,steps
693859.0682639945,482932.465504079,-210926.60275991552,7619400,5,3,0,0.01,3
689858.3392911842,482932.465504079,-206925.8737871052,7619400,5,3,0,0.01,3
688964.0430091016,482932.465504079,-206031.57750502264,7619400,5,3,0,0.01,3
688748.8632385718,482932.465504079,-205816.39773449278,7619400,5,3,0,0.01,3
