L_slow,L_fast,L_diff,n,d,k,seed,subsample_size,steps
50.943825,47.70859,-3.2352333,1025010,11,6,0,0.01,5
48.48326,47.70859,-0.77466965,1025010,11,6,0,0.01,5
47.941746,47.71422,-0.22752762,1025010,11,6,0,0.01,5
47.796715,47.71656,-0.08015442,1025010,11,6,0,0.01,5
47.744274,47.72362,-0.020652771,1025010,11,6,0,0.01,5
47.71756,47.68774,-0.029819489,1025010,11,6,0,0.01,5
