L_slow,L_fast,L_diff,n,d,k,seed,subsample_size,steps
62.71355,59.928543,-2.7850075,1025010,11,3,0,0.01,1
59.889214,59.890816,0.0016021729,1025010,11,3,0,0.01,1
