L_slow,L_fast,L_diff,n,d,k,seed,subsample_size,steps
62.71355,59.928543,-2.7850075,1025010,11,3,0,0.01,7
61.411358,59.929504,-1.4818535,1025010,11,3,0,0.01,7
60.8205,59.929504,-0.890995,1025010,11,3,0,0.01,7
60.476166,59.929386,-0.54677963,1025010,11,3,0,0.01,7
60.2366,59.929653,-0.3069458,1025010,11,3,0,0.01,7
60.07351,59.929543,-0.14396667,1025010,11,3,0,0.01,7
59.97723,59.93004,-0.04719162,1025010,11,3,0,0.01,7
59.91759,59.93264,0.015048981,1025010,11,3,0,0.01,7
