L_slow,L_fast,L_diff,n,d,k,seed,subsample_size,steps
53664028154.92155,33248704215.158028,-20415323939.76352,1000000,13,9,0,0.01,7
40069258103.77551,33248704215.158028,-6820553888.617485,1000000,13,9,0,0.01,7
36482210224.51629,33248704215.158028,-3233506009.358261,1000000,13,9,0,0.01,7
35325743546.11819,33249122096.25556,-2076621449.8626251,1000000,13,9,0,0.01,7
34200905913.614155,33249122096.25556,-951783817.358593,1000000,13,9,0,0.01,7
33400683232.754684,33249122096.25556,-151561136.49912262,1000000,13,9,0,0.01,7
33252055742.785137,33249122096.25556,-2933646.529575348,1000000,13,9,0,0.01,7
33220072672.639034,33248955402.02809,28882729.38905716,1000000,13,9,0,0.01,7
