L_slow,L_fast,L_diff,n,d,k,seed,subsample_size,steps,t_A,t_B,t_sketching,t_sampling,t_choose_best,t_sampling_centroids,t_get_avg
3.875669097230465e+36,3.226932315016167e+35,-3.552975865728849e+36,732977,17,5,0,0.01,5,234.375,31.25,453.125,15.625,0.0,15.625,828.125
3.2169265738343965e+35,5.7484613224854094e+35,2.531534748651013e+35,732977,17,5,0,0.01,5,390.625,15.625,484.375,15.625,0.0,15.625,828.125
3.212456091293256e+35,5.075576810462596e+35,1.8631207191693398e+35,732977,17,5,0,0.01,5,375.0,31.25,484.375,15.625,0.0,15.625,812.5
3.2123154535793664e+35,3.4041834897894186e+35,1.9186803621005218e+34,732977,17,5,0,0.01,5,406.25,15.625,468.75,15.625,0.0,15.625,828.125
3.212308129176595e+35,3.3908503818266595e+35,1.7854225265006437e+34,732977,17,5,0,0.01,5,390.625,31.25,484.375,15.625,0.0,15.625,812.5
3.2123077899397257e+35,5.02917303262412e+35,1.816865242684394e+35,732977,17,5,0,0.01,5,390.625,31.25,484.375,15.625,0.0,15.625,796.875
