L_slow,L_fast,L_diff,n,d,k,seed,subsample_size,steps,t_A,t_B,t_sketching,t_sampling,t_choose_best,t_sampling_centroids,t_get_avg,t_permutation
198945.75905506086,72154.79403836487,-126790.96501669599,241600,18,3,0,0.01,4,31.25,0.0,187.5,0.0,0.0,0.0,218.75,390.625
71960.92112366736,72067.26210410337,106.34098043601261,241600,18,3,0,0.01,4,0.0,15.625,171.875,0.0,0.0,0.0,203.125,0.0
71957.0904039287,76393.55411119242,4436.463707263727,241600,18,3,0,0.01,4,0.0,15.625,171.875,0.0,0.0,0.0,187.5,0.0
71956.96144411566,72716.22404107745,759.2625969617948,241600,18,3,0,0.01,4,0.0,15.625,171.875,0.0,0.0,0.0,218.75,0.0
71956.95950662262,73250.37028100401,1293.4107743813947,241600,18,3,0,0.01,4,0.0,0.0,187.5,0.0,0.0,0.0,203.125,0.0
