L_slow,L_fast,L_diff,n,d,k,seed,subsample_size,steps,t_A,t_B,t_sketching,t_sampling,t_choose_best,t_sampling_centroids,t_get_avg,t_permutation
198945.75905506086,72154.79403836487,-126790.96501669599,241600,18,3,0,0.01,4,46.875,15.625,156.25,0.0,0.0,0.0,203.125,93.75
71960.92112366736,72067.26210410337,106.34098043601261,241600,18,3,0,0.01,4,0.0,15.625,187.5,0.0,0.0,0.0,218.75,0.0
71957.0904039287,73212.5357739619,1255.4453700332087,241600,18,3,0,0.01,4,0.0,0.0,187.5,0.0,0.0,0.0,218.75,0.0
71956.96144411566,72035.42607936218,78.46463524652063,241600,18,3,0,0.01,4,0.0,15.625,171.875,0.0,0.0,0.0,203.125,0.0
71956.95950662262,72044.97943394302,88.01992732040526,241600,18,3,0,0.01,4,0.0,15.625,187.5,0.0,0.0,0.0,203.125,0.0
