L_slow,L_fast,L_diff,n,d,k,seed,subsample_size,steps,t_A,t_B,t_sketching,t_sampling,t_choose_best,t_sampling_centroids,t_get_avg,t_permutation
469.6380567456097,326.33636163913206,-143.3016951064776,531441,12,6,0,0.01,8,140.625,15.625,281.25,0.0,0.0,0.0,468.75,203.125
325.96586563959926,347.3583026120081,21.39243697240886,531441,12,6,0,0.01,8,0.0,0.0,281.25,0.0,0.0,0.0,453.125,0.0
325.91427967745204,552.2767357094621,226.36245603201002,531441,12,6,0,0.01,8,0.0,15.625,281.25,0.0,0.0,0.0,468.75,0.0
325.89607258564627,474.0330291007509,148.13695651510466,531441,12,6,0,0.01,8,0.0,0.0,265.625,0.0,0.0,0.0,468.75,0.0
325.8900041976338,360.1149858571662,34.224981659532375,531441,12,6,0,0.01,8,0.0,15.625,250.0,0.0,0.0,0.0,468.75,0.0
325.8878232302562,395.7084679939232,69.82064476366702,531441,12,6,0,0.01,8,0.0,15.625,265.625,0.0,0.0,0.0,468.75,0.0
325.8869246082842,325.8985692814196,0.011644673135435823,531441,12,6,0,0.01,8,0.0,0.0,296.875,0.0,0.0,0.0,453.125,0.0
325.88656691868164,381.89698528277296,56.01041836409132,531441,12,6,0,0.01,8,0.0,0.0,281.25,0.0,0.0,0.0,468.75,0.0
325.8864202542515,366.0827201702493,40.19629991599777,531441,12,6,0,0.01,8,0.0,15.625,265.625,0.0,0.0,0.0,468.75,0.0
