L_slow,L_fast,L_diff,n,d,k,seed,subsample_size,steps,t_A,t_B,t_sketching,t_sampling,t_choose_best,t_sampling_centroids,t_get_avg,t_permutation
3.23237648456531e+36,2.4834017403278416e+35,-2.984036310532526e+36,732977,17,6,0,0.01,5,281.25,31.25,531.25,0.0,0.0,0.0,859.375,468.75
2.4815809060714077e+35,2.484951908660988e+35,3.371002589580279e+32,732977,17,6,0,0.01,5,0.0,31.25,515.625,0.0,0.0,0.0,906.25,0.0
2.4807819258939896e+35,3.133989623515762e+35,6.532076976217723e+34,732977,17,6,0,0.01,5,0.0,31.25,515.625,0.0,0.0,0.0,906.25,0.0
2.4800793718521782e+35,5.2022594592423775e+35,2.7221800873901993e+35,732977,17,6,0,0.01,5,0.0,31.25,515.625,0.0,0.0,0.0,937.5,0.0
2.4796792800885065e+35,2.4799921930121025e+35,3.129129235960241e+31,732977,17,6,0,0.01,5,0.0,15.625,515.625,0.0,0.0,0.0,890.625,0.0
2.4796784504439904e+35,2.9798292528098496e+35,5.001508023658593e+34,732977,17,6,0,0.01,5,0.0,15.625,500.0,0.0,0.0,0.0,890.625,0.0
