L_slow,L_fast,L_diff,n,d,k,seed,subsample_size,steps,t_A,t_B,t_sketching,t_sampling,t_choose_best,t_sampling_centroids,t_get_avg,t_permutation
594.3437988577115,529.0875714172248,-65.25622744048667,581835,10,3,0,0.01,4,62.5,15.625,203.125,0.0,0.0,0.0,312.5,203.125
528.7287391907228,528.8063168638059,0.07757767308316943,581835,10,3,0,0.01,4,0.0,15.625,203.125,0.0,0.0,0.0,281.25,0.0
528.705845722027,528.9654521037922,0.2596063817652521,581835,10,3,0,0.01,4,0.0,15.625,187.5,0.0,0.0,0.0,312.5,0.0
528.7046657432486,528.965876591169,0.261210847920438,581835,10,3,0,0.01,4,0.0,15.625,187.5,0.0,0.0,0.0,250.0,0.0
528.7045974904702,528.8775227586813,0.17292526821108822,581835,10,3,0,0.01,4,0.0,15.625,203.125,0.0,0.0,0.0,281.25,0.0
