L_slow,L_fast,L_diff,n,d,k,seed,subsample_size,steps,t_A,t_B,t_sketching,t_sampling,t_choose_best,t_sampling_centroids,t_get_avg
515.6519936924014,380.6729270915143,-134.97906660088717,531441,12,5,0,0.01,5,125.0,15.625,265.625,0.0,0.0,0.0,453.125
380.2236259808991,491.11630997421736,110.89268399331826,531441,12,5,0,0.01,5,203.125,0.0,265.625,15.625,0.0,0.0,437.5
380.185506397454,702.3605968231975,322.1750904257435,531441,12,5,0,0.01,5,187.5,15.625,265.625,15.625,0.0,15.625,437.5
380.17840373330205,380.22852698332247,0.05012325002041962,531441,12,5,0,0.01,5,187.5,15.625,250.0,15.625,0.0,15.625,453.125
380.17709446944565,380.2778113855861,0.1007169161404704,531441,12,5,0,0.01,5,203.125,15.625,265.625,15.625,0.0,0.0,437.5
380.1768219320298,625.7282040761868,245.551382144157,531441,12,5,0,0.01,5,218.75,15.625,234.375,0.0,0.0,15.625,453.125
