L_slow,L_fast,L_diff,n,d,k,seed,subsample_size,steps,t_A,t_B,t_sketching,t_sampling,t_choose_best,t_sampling_centroids,t_get_avg,t_permutation
2.2495579982002248e+36,1.5618175828904473e+35,-2.0933762399111802e+36,732977,17,7,0,0.01,4,296.875,31.25,546.875,0.0,0.0,0.0,1031.25,468.75
1.5598263166577871e+35,1.5665888343482044e+35,6.762517690417215e+32,732977,17,7,0,0.01,4,0.0,15.625,546.875,0.0,0.0,0.0,968.75,0.0
1.5595265228088329e+35,4.8252256858011175e+35,3.2656991629922846e+35,732977,17,7,0,0.01,4,0.0,31.25,531.25,0.0,0.0,0.0,968.75,0.0
1.5595014542531908e+35,1.5599976111299486e+35,4.961568767577728e+31,732977,17,7,0,0.01,4,0.0,31.25,546.875,0.0,0.0,0.0,968.75,0.0
1.5595013739629025e+35,1.7355918286715265e+35,1.7609045470862394e+34,732977,17,7,0,0.01,4,0.0,15.625,562.5,0.0,0.0,0.0,984.375,0.0
