L_slow,L_fast,L_diff,n,d,k,seed,subsample_size,steps,t_A,t_B,t_sketching,t_sampling,t_choose_best,t_sampling_centroids,t_get_avg
3.888729721309653e+36,4.780144834748831e+35,-3.41071523783477e+36,732977,17,4,0,0.01,8,171.875,31.25,406.25,15.625,0.0,15.625,703.125
4.7691031471422465e+35,4.7634022708320705e+35,-5.700876310176032e+32,732977,17,4,0,0.01,8,281.25,62.5,406.25,15.625,0.0,15.625,718.75
4.759967379356599e+35,7.43251332046291e+35,2.6725459411063116e+35,732977,17,4,0,0.01,8,328.125,31.25,421.875,15.625,0.0,15.625,703.125
4.7596956344743876e+35,4.764298434055307e+35,4.602799580919231e+32,732977,17,4,0,0.01,8,312.5,46.875,421.875,15.625,0.0,15.625,687.5
4.7596366034663684e+35,5.3007440361876815e+35,5.411074327213131e+34,732977,17,4,0,0.01,8,343.75,31.25,421.875,15.625,0.0,15.625,703.125
4.759611728815246e+35,6.950243367182964e+35,2.1906316383677182e+35,732977,17,4,0,0.01,8,343.75,15.625,421.875,15.625,0.0,31.25,703.125
4.7596045931928884e+35,9.818629628318967e+35,5.0590250351260784e+35,732977,17,4,0,0.01,8,328.125,31.25,421.875,15.625,0.0,15.625,703.125
4.759599322865361e+35,9.821033463794717e+35,5.061434140929356e+35,732977,17,4,0,0.01,8,328.125,31.25,437.5,15.625,0.0,15.625,671.875
4.759598184429005e+35,9.914036972654159e+35,5.154438788225154e+35,732977,17,4,0,0.01,8,343.75,15.625,406.25,0.0,0.0,15.625,718.75
