L_slow,L_fast,L_diff,n,d,k,seed,subsample_size,steps,t_A,t_B,t_sketching,t_sampling,t_choose_best,t_sampling_centroids,t_get_avg,t_permutation
1017525987.1482959,436189257.95170957,-581336729.1965864,110527,8,5,0,0.01,6,187.5,0.0,31.25,0.0,0.0,0.0,62.5,796.875
431299471.4946753,428115751.5047478,-3183719.9899274707,110527,8,5,0,0.01,6,0.0,0.0,31.25,0.0,0.0,0.0,46.875,0.0
427125562.0959847,446984056.2944858,19858494.19850111,110527,8,5,0,0.01,6,0.0,0.0,31.25,0.0,0.0,0.0,46.875,0.0
426920932.9604219,493675195.81700355,66754262.85658163,110527,8,5,0,0.01,6,0.0,0.0,31.25,0.0,0.0,0.0,46.875,0.0
426881067.4171117,429910572.6162764,3029505.1991646886,110527,8,5,0,0.01,6,0.0,0.0,31.25,0.0,0.0,0.0,46.875,0.0
426879745.5017383,430019175.3884985,3139429.886760175,110527,8,5,0,0.01,6,0.0,15.625,31.25,0.0,0.0,0.0,46.875,0.0
426879716.4674609,441336459.56914365,14456743.101682782,110527,8,5,0,0.01,6,0.0,0.0,31.25,0.0,0.0,0.0,46.875,0.0
