L_slow,L_fast,L_diff,n,d,k,seed,subsample_size,steps,t_A,t_B,t_sketching,t_sampling,t_choose_best,t_sampling_centroids,t_get_avg,t_permutation
10.137922869388133,7.203213262618725,-2.934709606769408,177147,11,5,0,0.01,5,31.25,0.0,62.5,0.0,0.0,0.0,109.375,31.25
7.180620508948598,7.1922286810198965,0.011608172071298384,177147,11,5,0,0.01,5,0.0,0.0,78.125,0.0,0.0,0.0,125.0,0.0
7.179980724684494,7.9347783192626355,0.7547975945781413,177147,11,5,0,0.01,5,0.0,0.0,62.5,0.0,0.0,0.0,140.625,0.0
7.179891254108587,7.646796921121075,0.4669056670124876,177147,11,5,0,0.01,5,0.0,0.0,62.5,0.0,0.0,0.0,140.625,0.0
7.1798730538155935,7.656983722023746,0.4771106682081525,177147,11,5,0,0.01,5,0.0,0.0,78.125,0.0,0.0,0.0,140.625,0.0
7.17986814117353,7.9431940856202035,0.7633259444466738,177147,11,5,0,0.01,5,0.0,0.0,78.125,0.0,0.0,0.0,140.625,0.0
