L_slow,L_fast,L_diff,n,d,k,seed,subsample_size,steps,t_A,t_B,t_sketching,t_sampling,t_choose_best,t_sampling_centroids,t_get_avg
198945.75905506086,71997.99629635453,-126947.76275870633,241600,18,3,0,0.01,3,218.75,15.625,125.0,15.625,0.0,31.25,187.5
71957.47874251692,72086.33708891025,128.85834639333189,241600,18,3,0,0.01,3,93.75,15.625,140.625,15.625,0.0,0.0,218.75
71957.01317663996,72035.1529826147,78.13980597474438,241600,18,3,0,0.01,3,93.75,15.625,125.0,15.625,0.0,0.0,187.5
71956.96144411566,71992.30248425192,35.34104013626347,241600,18,3,0,0.01,3,109.375,15.625,140.625,15.625,0.0,0.0,203.125
