L_slow,L_fast,L_diff,n,d,k,seed,subsample_size,steps,t_A,t_B,t_sketching,t_sampling,t_choose_best,t_sampling_centroids,t_get_avg,t_permutation
3673867712.8471856,3032540205.222385,-641327507.6248007,761940,6,4,0,0.01,8,78.125,15.625,171.875,0.0,0.0,0.0,281.25,171.875
3030476252.0221114,3025943940.140382,-4532311.881729603,761940,6,4,0,0.01,8,0.0,0.0,171.875,0.0,0.0,0.0,265.625,0.0
3025566236.071859,3025742074.066783,175837.99492406845,761940,6,4,0,0.01,8,0.0,15.625,156.25,0.0,0.0,0.0,265.625,0.0
3025493611.5768924,7654267667.672387,4628774056.095495,761940,6,4,0,0.01,8,0.0,15.625,187.5,0.0,0.0,0.0,265.625,0.0
3025469983.199848,3973097652.0431504,947627668.8433022,761940,6,4,0,0.01,8,0.0,15.625,171.875,0.0,0.0,0.0,265.625,0.0
3025459937.6480556,3025540878.2810597,80940.63300418854,761940,6,4,0,0.01,8,0.0,31.25,156.25,0.0,0.0,0.0,296.875,0.0
3025454422.018779,4205676764.9863544,1180222342.9675756,761940,6,4,0,0.01,8,0.0,15.625,156.25,0.0,0.0,0.0,281.25,0.0
3025450854.9276047,3346270431.065649,320819576.13804436,761940,6,4,0,0.01,8,0.0,15.625,187.5,0.0,0.0,0.0,265.625,0.0
3025448381.329354,3664716778.924123,639268397.594769,761940,6,4,0,0.01,8,0.0,15.625,171.875,0.0,0.0,0.0,281.25,0.0
