L_slow,L_fast,L_diff,n,d,k,seed,subsample_size,steps,t_A,t_B,t_sketching,t_sampling,t_choose_best,t_sampling_centroids,t_get_avg,t_permutation
3.888729721309653e+36,5.6585439540573086e+35,-3.322875325903922e+36,732977,17,4,0,0.01,7,171.875,31.25,406.25,0.0,0.0,0.0,703.125,484.375
5.650576306279199e+35,4.763349858534498e+35,-8.872264477447009e+34,732977,17,4,0,0.01,7,0.0,15.625,359.375,0.0,0.0,0.0,625.0,0.0
4.760004675098533e+35,4.7738222518746315e+35,1.3817576776098457e+33,732977,17,4,0,0.01,7,0.0,31.25,421.875,0.0,0.0,0.0,671.875,0.0
4.759721926977458e+35,4.7726681174907446e+35,1.2946190513286822e+33,732977,17,4,0,0.01,7,0.0,15.625,265.625,0.0,0.0,0.0,656.25,0.0
4.759670553794255e+35,4.7660326290667025e+35,6.362075272447604e+32,732977,17,4,0,0.01,7,0.0,31.25,359.375,0.0,0.0,0.0,656.25,0.0
4.7596542013673955e+35,4.772147851740797e+35,1.2493650373401279e+33,732977,17,4,0,0.01,7,0.0,46.875,406.25,0.0,0.0,0.0,671.875,0.0
4.7596436184705706e+35,4.768465143040232e+35,8.821524569661082e+32,732977,17,4,0,0.01,7,0.0,0.0,359.375,0.0,0.0,0.0,609.375,0.0
4.7596397826446134e+35,4.7613863255016466e+35,1.7465428570331675e+32,732977,17,4,0,0.01,7,0.0,15.625,375.0,0.0,0.0,0.0,609.375,0.0
