L_slow,L_fast,L_diff,n,d,k,seed,subsample_size,steps,t_A,t_B,t_sketching,t_sampling,t_choose_best,t_sampling_centroids,t_get_avg
100685604834.21053,,,104820,7,9,0,0.01,8,750.0,15.625,0.0,0.0,0.0,0.0,140.625
60598309767.40023,,,104820,7,9,0,0.01,8,31.25,0.0,46.875,0.0,0.0,0.0,93.75
56832596001.174995,,,104820,7,9,0,0.01,8,46.875,0.0,31.25,0.0,0.0,0.0,93.75
54955492082.26154,,,104820,7,9,0,0.01,8,31.25,0.0,46.875,0.0,0.0,0.0,78.125
54198549303.80195,,,104820,7,9,0,0.01,8,31.25,0.0,31.25,0.0,0.0,0.0,78.125
54169082196.51535,,,104820,7,9,0,0.01,8,31.25,15.625,46.875,0.0,0.0,0.0,93.75
54152882304.64598,,,104820,7,9,0,0.01,8,31.25,0.0,31.25,0.0,0.0,15.625,78.125
54152681735.27092,63307744598.60865,9155062863.33773,104820,7,9,0,0.01,8,46.875,0.0,31.25,0.0,0.0,0.0,78.125
54152677435.89198,,,104820,7,9,0,0.01,8,31.25,0.0,31.25,15.625,0.0,0.0,78.125
