L_slow,L_fast,L_diff,n,d,k,seed,subsample_size,steps,t_A,t_B,t_sketching,t_sampling,t_choose_best,t_sampling_centroids,t_get_avg,t_permutation
2.2460215457316535e+36,1.309692983426381e+35,-2.1150522473890154e+36,732977,17,8,0,0.01,6,343.75,31.25,546.875,0.0,0.0,0.0,1140.625,484.375
1.3086718274805408e+35,1.340973483649646e+35,3.230165616910515e+33,732977,17,8,0,0.01,6,0.0,15.625,578.125,0.0,0.0,0.0,1062.5,0.0
1.3085013820978468e+35,1.947924494938342e+35,6.394231128404951e+34,732977,17,8,0,0.01,6,0.0,31.25,562.5,0.0,0.0,0.0,1078.125,0.0
1.3084558823299019e+35,1.5284846530671884e+35,2.200287707372865e+34,732977,17,8,0,0.01,6,0.0,15.625,562.5,0.0,0.0,0.0,1046.875,0.0
1.30844412188647e+35,2.6023553734772626e+35,1.2939112515907926e+35,732977,17,8,0,0.01,6,0.0,15.625,562.5,0.0,0.0,0.0,1062.5,0.0
1.3084381047474482e+35,2.044612510766652e+35,7.361744060192038e+34,732977,17,8,0,0.01,6,0.0,31.25,562.5,0.0,0.0,0.0,1046.875,0.0
1.3084371016777957e+35,2.7553433064110215e+35,1.4469062047332257e+35,732977,17,8,0,0.01,6,0.0,15.625,562.5,0.0,0.0,0.0,1015.625,0.0
