L_slow,L_fast,L_diff,n,d,k,seed,subsample_size,steps,t_A,t_B,t_sketching,t_sampling,t_choose_best,t_sampling_centroids,t_get_avg
4.4305954219359924e+36,8.107678148428677e+35,-3.619827607093125e+36,732977,17,3,0,0.01,6,125.0,46.875,390.625,15.625,0.0,15.625,609.375
8.096132029615775e+35,8.095409371164103e+35,-7.226584516714528e+31,732977,17,3,0,0.01,6,281.25,31.25,406.25,15.625,0.0,15.625,625.0
8.094496238575057e+35,8.096304313829201e+35,1.8080752541438106e+32,732977,17,3,0,0.01,6,281.25,31.25,375.0,15.625,0.0,15.625,640.625
8.094363257438824e+35,8.10441318728217e+35,1.0049929843346518e+33,732977,17,3,0,0.01,6,281.25,15.625,390.625,15.625,0.0,15.625,625.0
8.094322366180865e+35,8.09777352599853e+35,3.4511598176651196e+32,732977,17,3,0,0.01,6,281.25,31.25,406.25,15.625,0.0,15.625,625.0
8.094307868083715e+35,8.09484596472071e+35,5.380966369947022e+31,732977,17,3,0,0.01,6,296.875,31.25,375.0,15.625,0.0,15.625,625.0
8.094304937057067e+35,8.100642711912026e+35,6.337774854958861e+32,732977,17,3,0,0.01,6,296.875,31.25,390.625,15.625,0.0,15.625,625.0
