L_slow,L_fast,L_diff,n,d,k,seed,subsample_size,steps,t_A,t_B,t_sketching,t_sampling,t_choose_best,t_sampling_centroids,t_get_avg
10358791.41080908,,,111753,9,8,0,0.01,4,437.5,0.0,46.875,0.0,0.0,15.625,109.375
2468427.2474205596,,,111753,9,8,0,0.01,4,31.25,15.625,0.0,0.0,0.0,0.0,156.25
2467894.058632133,,,111753,9,8,0,0.01,4,31.25,15.625,31.25,0.0,0.0,0.0,109.375
2467738.0914182835,,,111753,9,8,0,0.01,4,31.25,15.625,31.25,0.0,0.0,0.0,109.375
2467737.8296695114,,,111753,9,8,0,0.01,4,31.25,0.0,46.875,0.0,0.0,0.0,93.75
