L_slow,L_fast,L_diff,n,d,k,seed,subsample_size,steps,t_A,t_B,t_sketching,t_sampling,t_choose_best,t_sampling_centroids,t_get_avg,t_permutation
469.6380567456097,326.291353552957,-143.34670319265268,531441,12,6,0,0.01,7,156.25,15.625,265.625,0.0,0.0,0.0,484.375,218.75
325.9411112843211,326.24384717981934,0.30273589549824464,531441,12,6,0,0.01,7,0.0,0.0,281.25,0.0,0.0,0.0,484.375,0.0
325.90377509812305,347.1110114372896,21.20723633916657,531441,12,6,0,0.01,7,0.0,15.625,265.625,0.0,0.0,0.0,468.75,0.0
325.8922819135582,326.8632195392416,0.9709376256834048,531441,12,6,0,0.01,7,0.0,15.625,281.25,0.0,0.0,0.0,453.125,0.0
325.8883579327523,326.44587941304866,0.5575214802963728,531441,12,6,0,0.01,7,0.0,15.625,296.875,0.0,0.0,0.0,468.75,0.0
325.8871023233339,344.01713688835144,18.130034565017525,531441,12,6,0,0.01,7,0.0,15.625,281.25,0.0,0.0,0.0,468.75,0.0
325.8866272391281,326.30289484595835,0.4162676068302744,531441,12,6,0,0.01,7,0.0,15.625,265.625,0.0,0.0,0.0,468.75,0.0
325.8864248459275,326.08850857397215,0.2020837280446699,531441,12,6,0,0.01,7,0.0,0.0,281.25,0.0,0.0,0.0,484.375,0.0
