L_slow,L_fast,L_diff,n,d,k,seed,subsample_size,steps,t_A,t_B,t_sketching,t_sampling,t_choose_best,t_sampling_centroids,t_get_avg,t_permutation
105134.46961755276,26921.02429609337,-78213.4453214594,241600,18,8,0,0.01,6,93.75,31.25,203.125,0.0,0.0,0.0,359.375,437.5
26770.320308902294,26673.648316955234,-96.67199194705972,241600,18,8,0,0.01,6,0.0,0.0,218.75,0.0,0.0,0.0,328.125,0.0
26498.836479191283,28007.213650323305,1508.3771711320223,241600,18,8,0,0.01,6,0.0,15.625,218.75,0.0,0.0,0.0,343.75,0.0
26492.147696952023,27182.991929978627,690.8442330266043,241600,18,8,0,0.01,6,0.0,0.0,203.125,0.0,0.0,0.0,375.0,0.0
26491.41500677183,30148.173074269023,3656.758067497194,241600,18,8,0,0.01,6,0.0,0.0,203.125,0.0,0.0,0.0,359.375,0.0
26491.35964483018,28977.81886232585,2486.4592174956706,241600,18,8,0,0.01,6,0.0,0.0,203.125,0.0,0.0,0.0,359.375,0.0
26491.35446367992,28026.32676538086,1534.972301700942,241600,18,8,0,0.01,6,0.0,0.0,203.125,0.0,0.0,0.0,359.375,0.0
