L_slow,L_fast,L_diff,n,d,k,seed,subsample_size,steps,t_A,t_B,t_sketching,t_sampling,t_choose_best,t_sampling_centroids,t_get_avg,t_permutation
14804987.754951283,26355986.065364506,11550998.310413223,111753,9,6,0,0.01,1,0.0,0.0,93.75,0.0,0.0,0.0,62.5,0.0
12503164.604198232,97174472.36302392,84671307.75882569,111753,9,6,0,0.01,1,0.0,15.625,31.25,0.0,0.0,0.0,78.125,0.0
