L_slow,L_fast,L_diff,n,d,k,seed,subsample_size,steps,t_A,t_B,t_sketching,t_sampling,t_choose_best,t_sampling_centroids,t_get_avg
750.8291405115772,741.1347922492571,-9.69434826232009,531441,12,3,0,0.01,6,78.125,0.0,203.125,15.625,0.0,0.0,343.75
740.6548019214015,1268.3564243550668,527.7016224336653,531441,12,3,0,0.01,6,140.625,15.625,218.75,15.625,0.0,15.625,312.5
740.5669767873841,740.7566402260127,0.18966343862859958,531441,12,3,0,0.01,6,140.625,15.625,218.75,15.625,0.0,15.625,312.5
740.5181696996253,740.4955130941717,-0.022656605453676093,531441,12,3,0,0.01,6,156.25,15.625,203.125,31.25,0.0,15.625,312.5
740.4532816899808,740.5804523906886,0.12717070070777936,531441,12,3,0,0.01,6,140.625,15.625,203.125,15.625,0.0,15.625,328.125
740.4519622013539,740.6668846534245,0.21492245207059568,531441,12,3,0,0.01,6,140.625,15.625,203.125,15.625,0.0,15.625,328.125
740.4513956739141,740.4773411508015,0.025945476887386576,531441,12,3,0,0.01,6,140.625,15.625,203.125,15.625,0.0,15.625,328.125
