L_slow,L_fast,L_diff,n,d,k,seed,subsample_size,steps,t_A,t_B,t_sketching,t_sampling,t_choose_best,t_sampling_centroids,t_get_avg
29477002.95501123,,,111753,9,4,0,0.01,2,375.0,187.5,46.875,0.0,0.0,0.0,78.125
27175184.58215837,,,111753,9,4,0,0.01,2,31.25,0.0,46.875,0.0,0.0,0.0,62.5
27175184.58215837,,,111753,9,4,0,0.01,2,31.25,0.0,31.25,15.625,0.0,0.0,62.5
