L_slow,L_fast,L_diff,n,d,k,seed,subsample_size,steps,t_A,t_B,t_sketching,t_sampling,t_choose_best,t_sampling_centroids,t_get_avg,t_permutation
624.1950102143021,484.1891530555439,-140.0058571587582,531441,12,4,0,0.01,5,93.75,15.625,234.375,0.0,0.0,0.0,359.375,234.375
483.9648599479909,484.4877717533404,0.5229118053495085,531441,12,4,0,0.01,5,0.0,15.625,218.75,0.0,0.0,0.0,375.0,0.0
483.9607085633008,484.7597309339212,0.7990223706204347,531441,12,4,0,0.01,5,0.0,15.625,218.75,0.0,0.0,0.0,359.375,0.0
483.9595601382182,485.8385471532789,1.8789870150607157,531441,12,4,0,0.01,5,0.0,15.625,234.375,0.0,0.0,0.0,359.375,0.0
483.9588416220459,484.33752392949043,0.3786823074445351,531441,12,4,0,0.01,5,0.0,15.625,218.75,0.0,0.0,0.0,375.0,0.0
483.95837416956175,484.1388694635209,0.18049529395915442,531441,12,4,0,0.01,5,0.0,15.625,218.75,0.0,0.0,0.0,375.0,0.0
