L_slow,L_fast,L_diff,n,d,k,seed,subsample_size,steps,t_A,t_B,t_sketching,t_sampling,t_choose_best,t_sampling_centroids,t_get_avg,t_permutation
2.2495579982002248e+36,1.5618175828904473e+35,-2.0933762399111802e+36,732977,17,7,0,0.01,4,343.75,15.625,578.125,0.0,0.0,0.0,968.75,468.75
1.5598263166577871e+35,1.5665888343482044e+35,6.762517690417215e+32,732977,17,7,0,0.01,4,0.0,31.25,546.875,0.0,0.0,0.0,984.375,0.0
1.5595265228088329e+35,1.5681350605190557e+35,8.608537710222846e+32,732977,17,7,0,0.01,4,0.0,15.625,562.5,0.0,0.0,0.0,984.375,0.0
1.5595014542531908e+35,1.5622046687230825e+35,2.70321446989167e+32,732977,17,7,0,0.01,4,0.0,15.625,546.875,0.0,0.0,0.0,968.75,0.0
1.5595013739629025e+35,1.5658470059549358e+35,6.345631992033279e+32,732977,17,7,0,0.01,4,0.0,46.875,531.25,0.0,0.0,0.0,984.375,0.0
