L_slow,L_fast,L_diff,n,d,k,seed,subsample_size,steps,t_A,t_B,t_sketching,t_sampling,t_choose_best,t_sampling_centroids,t_get_avg,t_permutation
10358791.41080908,97346065.61179921,86987274.20099013,111753,9,8,0,0.01,4,31.25,0.0,31.25,0.0,0.0,0.0,93.75,15.625
2468427.2474205596,15815596.800082996,13347169.552662436,111753,9,8,0,0.01,4,0.0,0.0,31.25,0.0,0.0,0.0,78.125,0.0
2467894.058632133,12499100.428535352,10031206.369903218,111753,9,8,0,0.01,4,0.0,15.625,31.25,0.0,0.0,0.0,78.125,0.0
2467738.0914182835,25800518.745957445,23332780.65453916,111753,9,8,0,0.01,4,0.0,0.0,31.25,0.0,0.0,0.0,93.75,0.0
2467737.8296695114,50408648.70497021,47940910.8753007,111753,9,8,0,0.01,4,0.0,0.0,46.875,0.0,0.0,0.0,93.75,0.0
