L_slow,L_fast,L_diff,n,d,k,seed,subsample_size,steps,t_A,t_B,t_sketching,t_sampling,t_choose_best,t_sampling_centroids,t_get_avg,t_permutation
13483870.345020916,97356833.52037299,83872963.17535207,111753,9,7,0,0.01,1,0.0,0.0,62.5,0.0,0.0,0.0,109.375,0.0
2616246.1602498917,15863751.652194388,13247505.491944496,111753,9,7,0,0.01,1,0.0,0.0,46.875,0.0,0.0,0.0,78.125,0.0
