L_slow,L_fast,L_diff,n,d,k,seed,subsample_size,steps,t_A,t_B,t_sketching,t_sampling,t_choose_best,t_sampling_centroids,t_get_avg
1138255061684099.5,,,104820,7,5,0,0.01,5,375.0,31.25,78.125,0.0,0.0,156.25,62.5
834542942480533.6,182150180185758.97,-652392762294774.6,104820,7,5,0,0.01,5,31.25,0.0,31.25,0.0,0.0,0.0,62.5
44036015793.90223,29191324622121.074,29147288606327.17,104820,7,5,0,0.01,5,15.625,0.0,31.25,0.0,0.0,0.0,62.5
41902885291.94117,,,104820,7,5,0,0.01,5,15.625,0.0,31.25,0.0,0.0,0.0,62.5
41775062397.44644,,,104820,7,5,0,0.01,5,15.625,15.625,31.25,0.0,0.0,0.0,46.875
41775062397.44644,,,104820,7,5,0,0.01,5,31.25,0.0,31.25,0.0,0.0,0.0,62.5
