L_slow,L_fast,L_diff,n,d,k,seed,subsample_size,steps,t_A,t_B,t_sketching,t_sampling,t_choose_best,t_sampling_centroids,t_get_avg,t_permutation
1138255305427243.2,251246019684.87292,-1138004059407558.5,104820,7,3,0,0.01,5,0.0,0.0,46.875,0.0,0.0,0.0,31.25,0.0
249081284418.09305,,,104820,7,3,0,0.01,5,0.0,0.0,0.0,0.0,0.0,0.0,62.5,0.0
249081012461.47626,248707279094.7413,-373733366.73495483,104820,7,3,0,0.01,5,0.0,0.0,15.625,0.0,0.0,0.0,31.25,0.0
248339472775.63647,1126189628245172.2,1125941288772396.5,104820,7,3,0,0.01,5,0.0,0.0,31.25,0.0,0.0,0.0,46.875,0.0
248339012704.2253,1121322930286338.0,1121074591273633.8,104820,7,3,0,0.01,5,0.0,0.0,15.625,0.0,0.0,0.0,46.875,0.0
248339012689.0293,248894826666.91425,555813977.8849487,104820,7,3,0,0.01,5,0.0,0.0,31.25,0.0,0.0,0.0,31.25,0.0
