L_slow,L_fast,L_diff,n,d,k,seed,subsample_size,steps,t_A,t_B,t_sketching,t_sampling,t_choose_best,t_sampling_centroids,t_get_avg
190208.36027056808,46252.85825056675,-143955.50202000132,241600,18,4,0,0.01,4,62.5,15.625,171.875,0.0,0.0,15.625,234.375
45976.130131104124,45897.209793505164,-78.92033759896003,241600,18,4,0,0.01,4,109.375,15.625,171.875,0.0,0.0,0.0,234.375
45888.0308601553,46263.73117383106,375.700313675763,241600,18,4,0,0.01,4,109.375,15.625,140.625,0.0,0.0,0.0,250.0
45887.75045948739,45968.81411742243,81.06365793503937,241600,18,4,0,0.01,4,109.375,15.625,156.25,0.0,0.0,0.0,250.0
45887.73723757044,46008.41642506679,120.67918749634555,241600,18,4,0,0.01,4,109.375,15.625,156.25,15.625,0.0,0.0,218.75
