L_slow,L_fast,L_diff,n,d,k,seed,subsample_size,steps,t_A,t_B,t_sketching,t_sampling,t_choose_best,t_sampling_centroids,t_get_avg,t_permutation
29477002.95501123,28150222.42413134,-1326780.5308798887,111753,9,4,0,0.01,1,0.0,0.0,62.5,0.0,0.0,0.0,62.5,0.0
27928679.24476618,98082270.1504752,70153590.90570903,111753,9,4,0,0.01,1,0.0,0.0,31.25,0.0,0.0,0.0,62.5,0.0
