L_slow,L_fast,L_diff,n,d,k,seed,subsample_size,steps,t_A,t_B,t_sketching,t_sampling,t_choose_best,t_sampling_centroids,t_get_avg,t_permutation
624.1950102143021,484.1920892899588,-140.0029209243433,531441,12,4,0,0.01,5,93.75,15.625,187.5,0.0,0.0,0.0,343.75,203.125
483.96398900618027,719.6144232583067,235.65043425212644,531441,12,4,0,0.01,5,0.0,15.625,250.0,0.0,0.0,0.0,343.75,0.0
483.9598349785802,823.4626797782843,339.50284479970406,531441,12,4,0,0.01,5,0.0,15.625,234.375,0.0,0.0,0.0,343.75,0.0
483.9589113757131,763.919858690825,279.96094731511187,531441,12,4,0,0.01,5,0.0,15.625,234.375,0.0,0.0,0.0,343.75,0.0
483.9584049278687,684.9498480702601,200.99144314239146,531441,12,4,0,0.01,5,0.0,15.625,234.375,0.0,0.0,0.0,343.75,0.0
483.95807263414576,668.3393921934852,184.38131955933943,531441,12,4,0,0.01,5,0.0,15.625,234.375,0.0,0.0,0.0,328.125,0.0
