L_slow,L_fast,L_diff,n,d,k,seed,subsample_size,steps,t_A,t_B,t_sketching,t_sampling,t_choose_best,t_sampling_centroids,t_get_avg,t_permutation
469.6380567456097,326.33636163913206,-143.3016951064776,531441,12,6,0,0.01,8,125.0,15.625,281.25,0.0,0.0,0.0,453.125,218.75
325.96586563959926,551.2830694189233,225.31720377932407,531441,12,6,0,0.01,8,0.0,15.625,281.25,0.0,0.0,0.0,468.75,0.0
325.91427967745204,576.2398418533371,250.32556217588507,531441,12,6,0,0.01,8,0.0,0.0,281.25,0.0,0.0,0.0,468.75,0.0
325.89607258564627,541.0214895991844,215.12541701353814,531441,12,6,0,0.01,8,0.0,0.0,265.625,0.0,0.0,0.0,453.125,0.0
325.8900041976338,408.03081779098034,82.14081359334654,531441,12,6,0,0.01,8,0.0,0.0,281.25,0.0,0.0,0.0,453.125,0.0
325.8878232302562,508.63206542390907,182.7442421936529,531441,12,6,0,0.01,8,0.0,15.625,281.25,0.0,0.0,0.0,453.125,0.0
325.8869246082842,326.0359797307601,0.14905512247594288,531441,12,6,0,0.01,8,0.0,15.625,265.625,0.0,0.0,0.0,484.375,0.0
325.88656691868164,419.24633971807015,93.35977279938851,531441,12,6,0,0.01,8,0.0,15.625,265.625,0.0,0.0,0.0,468.75,0.0
325.8864202542515,535.3868976088866,209.50047735463505,531441,12,6,0,0.01,8,0.0,0.0,296.875,0.0,0.0,0.0,468.75,0.0
