L_slow,L_fast,L_diff,n,d,k,seed,subsample_size,steps,t_A,t_B,t_sketching,t_sampling,t_choose_best,t_sampling_centroids,t_get_avg,t_permutation
10.137922869388133,7.203213262618725,-2.934709606769408,177147,11,5,0,0.01,5,31.25,0.0,78.125,0.0,0.0,0.0,125.0,46.875
7.180620508948598,7.204310197283034,0.023689688334435743,177147,11,5,0,0.01,5,0.0,0.0,78.125,0.0,0.0,0.0,125.0,0.0
7.179980724684494,7.202862698092395,0.02288197340790088,177147,11,5,0,0.01,5,0.0,0.0,62.5,0.0,0.0,0.0,140.625,0.0
7.179891254108587,7.2119260110848895,0.032034756976302425,177147,11,5,0,0.01,5,0.0,0.0,62.5,0.0,0.0,0.0,140.625,0.0
7.1798730538155935,7.201603922039947,0.02173086822435355,177147,11,5,0,0.01,5,0.0,0.0,62.5,0.0,0.0,0.0,140.625,0.0
7.17986814117353,7.532508558578608,0.35264041740507857,177147,11,5,0,0.01,5,0.0,0.0,62.5,0.0,0.0,0.0,140.625,0.0
