L_slow,L_fast,L_diff,n,d,k,seed,subsample_size,steps,t_A,t_B,t_sketching,t_sampling,t_choose_best,t_sampling_centroids,t_get_avg,t_permutation
100685604834.21053,,,104820,7,9,0,0.01,8,390.625,0.0,0.0,0.0,0.0,0.0,109.375,843.75
60598309767.40023,,,104820,7,9,0,0.01,8,0.0,15.625,31.25,0.0,0.0,0.0,62.5,0.0
56832596001.174995,,,104820,7,9,0,0.01,8,0.0,0.0,46.875,0.0,0.0,0.0,62.5,0.0
54955492082.26154,,,104820,7,9,0,0.01,8,0.0,0.0,31.25,0.0,0.0,0.0,62.5,0.0
54198549303.80195,,,104820,7,9,0,0.01,8,0.0,15.625,31.25,0.0,0.0,0.0,62.5,0.0
54169082196.51535,,,104820,7,9,0,0.01,8,0.0,0.0,46.875,0.0,0.0,0.0,62.5,0.0
54152882304.64598,56017431333.799706,1864549029.1537247,104820,7,9,0,0.01,8,0.0,15.625,31.25,0.0,0.0,0.0,62.5,0.0
54152681735.27092,,,104820,7,9,0,0.01,8,0.0,0.0,31.25,0.0,0.0,0.0,62.5,0.0
54152677435.89198,64272906127.90158,10120228692.009598,104820,7,9,0,0.01,8,0.0,0.0,31.25,0.0,0.0,0.0,62.5,0.0
