L_slow,L_fast,L_diff,n,d,k,seed,subsample_size,steps,t_A,t_B,t_sketching,t_sampling,t_choose_best,t_sampling_centroids,t_get_avg,t_permutation
3.875669097230465e+36,3.467931741751642e+35,-3.528875923055301e+36,732977,17,5,0,0.01,7,265.625,31.25,515.625,0.0,0.0,0.0,843.75,437.5
3.466985960237776e+35,3.4716503781211115e+35,4.664417883335696e+32,732977,17,5,0,0.01,7,0.0,15.625,453.125,0.0,0.0,0.0,828.125,0.0
3.466864816820371e+35,3.22000471650972e+35,-2.4686010031065085e+34,732977,17,5,0,0.01,7,0.0,31.25,484.375,0.0,0.0,0.0,812.5,0.0
3.213293776768684e+35,3.475675891275052e+35,2.6238211450636784e+34,732977,17,5,0,0.01,7,0.0,31.25,500.0,0.0,0.0,0.0,859.375,0.0
3.2124211121326354e+35,3.215861089509059e+35,3.439977376423367e+32,732977,17,5,0,0.01,7,0.0,15.625,500.0,0.0,0.0,0.0,828.125,0.0
3.2123129360228116e+35,3.215316228845304e+35,3.003292822492416e+32,732977,17,5,0,0.01,7,0.0,15.625,500.0,0.0,0.0,0.0,812.5,0.0
3.2123078493259406e+35,3.2171790766542066e+35,4.87122732826604e+32,732977,17,5,0,0.01,7,0.0,31.25,468.75,0.0,0.0,0.0,812.5,0.0
3.2123077899397257e+35,3.2384534743058907e+35,2.6145684366165017e+33,732977,17,5,0,0.01,7,0.0,31.25,500.0,0.0,0.0,0.0,828.125,0.0
