L_slow,L_fast,L_diff,n,d,k,seed,subsample_size,steps,t_A,t_B,t_sketching,t_sampling,t_choose_best,t_sampling_centroids,t_get_avg,t_permutation
515.6519936924014,380.42368777493635,-135.2283059174651,531441,12,5,0,0.01,5,109.375,15.625,250.0,0.0,0.0,0.0,406.25,203.125
380.190216112208,380.513130230332,0.32291411812400383,531441,12,5,0,0.01,5,0.0,15.625,265.625,0.0,0.0,0.0,437.5,0.0
380.1788957822678,573.2028018055345,193.0239060232667,531441,12,5,0,0.01,5,0.0,0.0,265.625,0.0,0.0,0.0,421.875,0.0
380.17726201465365,504.1060761196875,123.92881410503384,531441,12,5,0,0.01,5,0.0,0.0,250.0,0.0,0.0,0.0,437.5,0.0
380.1768673953618,380.2079502743804,0.031082879018583753,531441,12,5,0,0.01,5,0.0,0.0,265.625,0.0,0.0,0.0,421.875,0.0
380.1767328088571,401.1034950032824,20.926762194425294,531441,12,5,0,0.01,5,0.0,15.625,250.0,0.0,0.0,0.0,421.875,0.0
