L_slow,L_fast,L_diff,n,d,k,seed,subsample_size,steps,t_A,t_B,t_sketching,t_sampling,t_choose_best,t_sampling_centroids,t_get_avg,t_permutation
4.4305954219359924e+36,8.097455525310815e+35,-3.6208498694049107e+36,732977,17,3,0,0.01,6,140.625,31.25,421.875,0.0,0.0,0.0,656.25,468.75
8.094738279261046e+35,8.111395119783044e+35,1.6656840521997617e+33,732977,17,3,0,0.01,6,0.0,31.25,390.625,0.0,0.0,0.0,625.0,0.0
8.094463595398878e+35,8.10325260453948e+35,8.78900914060159e+32,732977,17,3,0,0.01,6,0.0,15.625,421.875,0.0,0.0,0.0,625.0,0.0
8.094363257438824e+35,8.095991947113421e+35,1.6286896745966526e+32,732977,17,3,0,0.01,6,0.0,31.25,406.25,0.0,0.0,0.0,609.375,0.0
8.094322366180865e+35,8.101548496967236e+35,7.226130786371162e+32,732977,17,3,0,0.01,6,0.0,31.25,421.875,0.0,0.0,0.0,625.0,0.0
8.094307868083715e+35,8.094719587873214e+35,4.117197894992856e+31,732977,17,3,0,0.01,6,0.0,31.25,406.25,0.0,0.0,0.0,625.0,0.0
8.094304937057067e+35,8.096142402668006e+35,1.8374656109394903e+32,732977,17,3,0,0.01,6,0.0,31.25,406.25,0.0,0.0,0.0,609.375,0.0
