L_slow,L_fast,L_diff,n,d,k,seed,subsample_size,steps,t_A,t_B,t_sketching,t_sampling,t_choose_best,t_sampling_centroids,t_get_avg
2.2495579982002248e+36,1.5746939412657636e+35,-2.0920886040736485e+36,732977,17,7,0,0.01,8,281.25,31.25,578.125,15.625,0.0,15.625,1046.875
1.5689353359767279e+35,2.877273305824666e+35,1.308337969847938e+35,732977,17,7,0,0.01,8,484.375,31.25,578.125,15.625,0.0,15.625,1031.25
1.5682651419909422e+35,2.2977682523437436e+35,7.295031103528014e+34,732977,17,7,0,0.01,8,500.0,15.625,562.5,15.625,0.0,15.625,968.75
1.5679062934833814e+35,1.9866570890556286e+35,4.187507955722472e+34,732977,17,7,0,0.01,8,468.75,31.25,546.875,15.625,0.0,15.625,984.375
1.567582982274256e+35,1.5627690672216343e+35,-4.813915052621775e+32,732977,17,7,0,0.01,8,453.125,15.625,515.625,15.625,0.0,31.25,984.375
1.5612185927993318e+35,3.9495539430504705e+35,2.3883353502511388e+35,732977,17,7,0,0.01,8,468.75,15.625,546.875,15.625,0.0,15.625,984.375
1.5607812003582771e+35,4.247042904108107e+35,2.6862617037498294e+35,732977,17,7,0,0.01,8,468.75,31.25,546.875,15.625,0.0,15.625,984.375
1.5607384258242484e+35,3.520059693559182e+35,1.9593212677349335e+35,732977,17,7,0,0.01,8,453.125,15.625,531.25,15.625,0.0,15.625,984.375
1.5607383309718076e+35,3.278522246866876e+35,1.7177839158950686e+35,732977,17,7,0,0.01,8,484.375,15.625,531.25,15.625,0.0,15.625,968.75
