L_slow,L_fast,L_diff,n,d,k,seed,subsample_size,steps,t_A,t_B,t_sketching,t_sampling,t_choose_best,t_sampling_centroids,t_get_avg,t_permutation
5957168770.706507,5377941482.760407,-579227287.9460993,761940,6,3,0,0.01,4,62.5,15.625,171.875,0.0,0.0,0.0,265.625,203.125
5377623345.763664,5377570772.498546,-52573.26511859894,761940,6,3,0,0.01,4,0.0,15.625,171.875,0.0,0.0,0.0,296.875,0.0
5377249902.626719,10940880980.845901,5563631078.219182,761940,6,3,0,0.01,4,0.0,15.625,171.875,0.0,0.0,0.0,250.0,0.0
5377225890.960629,5377551908.488668,326017.5280389786,761940,6,3,0,0.01,4,0.0,15.625,171.875,0.0,0.0,0.0,265.625,0.0
5377221624.3677635,5378091558.37772,869934.0099563599,761940,6,3,0,0.01,4,0.0,15.625,171.875,0.0,0.0,0.0,250.0,0.0
