L_slow,L_fast,L_diff,n,d,k,seed,subsample_size,steps,t_A,t_B,t_sketching,t_sampling,t_choose_best,t_sampling_centroids,t_get_avg,t_permutation
1728847431.4999905,1351780558.5697079,-377066872.9302826,761940,6,6,0,0.01,7,125.0,15.625,203.125,0.0,0.0,0.0,359.375,187.5
1350106309.9571857,1350499207.3584788,392897.4012930393,761940,6,6,0,0.01,7,0.0,15.625,203.125,0.0,0.0,0.0,359.375,0.0
1349495914.4254391,1346511090.375768,-2984824.049671173,761940,6,6,0,0.01,7,0.0,15.625,203.125,0.0,0.0,0.0,359.375,0.0
1345682489.1729517,1348664297.8625755,2981808.6896238327,761940,6,6,0,0.01,7,0.0,31.25,187.5,0.0,0.0,0.0,375.0,0.0
1345619774.584956,1345915982.6104069,296208.0254509449,761940,6,6,0,0.01,7,0.0,15.625,187.5,0.0,0.0,0.0,359.375,0.0
1345606932.8191938,1347815795.3327656,2208862.513571739,761940,6,6,0,0.01,7,0.0,15.625,218.75,0.0,0.0,0.0,343.75,0.0
1345603811.8983984,1349186689.522247,3582877.6238486767,761940,6,6,0,0.01,7,0.0,15.625,218.75,0.0,0.0,0.0,359.375,0.0
1345602960.18808,1358242484.5117006,12639524.323620558,761940,6,6,0,0.01,7,0.0,15.625,203.125,0.0,0.0,0.0,359.375,0.0
