L_slow,L_fast,L_diff,n,d,k,seed,subsample_size,steps,t_A,t_B,t_sketching,t_sampling,t_choose_best,t_sampling_centroids,t_get_avg,t_permutation
14.798530076159082,9.44852499043162,-5.350005085727462,177147,11,3,0,0.01,8,15.625,0.0,62.5,0.0,0.0,0.0,93.75,46.875
9.438087046048993,9.447370269241535,0.009283223192541712,177147,11,3,0,0.01,8,0.0,15.625,62.5,0.0,0.0,0.0,93.75,0.0
9.43744627224128,9.444871864666851,0.007425592425571281,177147,11,3,0,0.01,8,0.0,0.0,62.5,0.0,0.0,0.0,93.75,0.0
9.437242236596939,9.509610925944786,0.07236868934784724,177147,11,3,0,0.01,8,0.0,0.0,62.5,0.0,0.0,0.0,93.75,0.0
9.437117131690286,9.442087331825707,0.0049702001354212655,177147,11,3,0,0.01,8,0.0,15.625,78.125,0.0,0.0,0.0,93.75,0.0
9.43705889716627,14.35337424764416,4.916315350477889,177147,11,3,0,0.01,8,0.0,0.0,62.5,0.0,0.0,0.0,93.75,0.0
9.437030781273803,12.943021720093077,3.5059909388192736,177147,11,3,0,0.01,8,0.0,0.0,62.5,0.0,0.0,0.0,93.75,0.0
9.437015749225129,12.160766647536786,2.723750898311657,177147,11,3,0,0.01,8,0.0,15.625,46.875,0.0,0.0,0.0,109.375,0.0
9.437011555738042,9.5093796964289,0.07236814069085717,177147,11,3,0,0.01,8,0.0,0.0,62.5,0.0,0.0,0.0,93.75,0.0
