L_slow,L_fast,L_diff,n,d,k,seed,subsample_size,steps,t_A,t_B,t_sketching,t_sampling,t_choose_best,t_sampling_centroids,t_get_avg,t_permutation
14.798530076159082,9.44852499043162,-5.350005085727462,177147,11,3,0,0.01,8,31.25,0.0,62.5,0.0,0.0,0.0,109.375,46.875
9.438087046048993,9.454630023837089,0.016542977788095214,177147,11,3,0,0.01,8,0.0,0.0,62.5,0.0,0.0,0.0,93.75,0.0
9.43744627224128,9.442874153057472,0.0054278808161924985,177147,11,3,0,0.01,8,0.0,0.0,62.5,0.0,0.0,0.0,93.75,0.0
9.437242236596939,9.479012650861183,0.04177041426424388,177147,11,3,0,0.01,8,0.0,0.0,62.5,0.0,0.0,0.0,93.75,0.0
9.437117131690286,9.437659908560054,0.0005427768697678914,177147,11,3,0,0.01,8,0.0,0.0,78.125,0.0,0.0,0.0,93.75,0.0
9.43705889716627,9.437677347733759,0.0006184505674884377,177147,11,3,0,0.01,8,0.0,0.0,62.5,0.0,0.0,0.0,93.75,0.0
9.437030781273803,9.437345815224624,0.0003150339508213307,177147,11,3,0,0.01,8,0.0,0.0,62.5,0.0,0.0,0.0,93.75,0.0
9.437015749225129,9.43795963964696,0.000943890421831739,177147,11,3,0,0.01,8,0.0,0.0,62.5,0.0,0.0,0.0,93.75,0.0
9.437011555738042,9.437270982491698,0.00025942675365620005,177147,11,3,0,0.01,8,0.0,0.0,78.125,0.0,0.0,0.0,93.75,0.0
