L_slow,L_fast,L_diff,n,d,k,seed,subsample_size,steps,t_A,t_B,t_sketching,t_sampling,t_choose_best,t_sampling_centroids,t_get_avg
5957168770.706507,5379526430.750182,-577642339.9563246,761940,6,3,0,0.01,4,46.875,15.625,140.625,0.0,0.0,15.625,281.25
5378402370.84881,5377607102.180394,-795268.6684160233,761940,6,3,0,0.01,4,109.375,15.625,140.625,15.625,0.0,15.625,281.25
5377228387.010123,5377306749.159636,78362.14951229095,761940,6,3,0,0.01,4,109.375,15.625,156.25,15.625,0.0,15.625,265.625
5377218839.574565,5379791323.552147,2572483.977581978,761940,6,3,0,0.01,4,125.0,15.625,156.25,15.625,0.0,15.625,234.375
5377217968.811124,5378829698.993096,1611730.1819725037,761940,6,3,0,0.01,4,109.375,15.625,156.25,15.625,0.0,15.625,265.625
