L_slow,L_fast,L_diff,n,d,k,seed,subsample_size,steps,t_A,t_B,t_sketching,t_sampling,t_choose_best,t_sampling_centroids,t_get_avg,t_permutation
2.2460215457316535e+36,1.309692983426381e+35,-2.1150522473890154e+36,732977,17,8,0,0.01,6,343.75,15.625,546.875,0.0,0.0,0.0,1000.0,500.0
1.3086718274805408e+35,1.6431101848769885e+35,3.3443835739644773e+34,732977,17,8,0,0.01,6,0.0,31.25,546.875,0.0,0.0,0.0,1046.875,0.0
1.3085013820978468e+35,2.3886611727986998e+35,1.080159790700853e+35,732977,17,8,0,0.01,6,0.0,31.25,562.5,0.0,0.0,0.0,1046.875,0.0
1.3084558823299019e+35,1.6535780419940333e+35,3.451221596641314e+34,732977,17,8,0,0.01,6,0.0,15.625,562.5,0.0,0.0,0.0,1046.875,0.0
1.30844412188647e+35,3.1569916022650785e+35,1.8485474803786086e+35,732977,17,8,0,0.01,6,0.0,15.625,562.5,0.0,0.0,0.0,1046.875,0.0
1.3084381047474482e+35,2.975337373136527e+35,1.6668992683890785e+35,732977,17,8,0,0.01,6,0.0,31.25,546.875,0.0,0.0,0.0,1062.5,0.0
1.3084371016777957e+35,3.720795157840343e+35,2.4123580561625474e+35,732977,17,8,0,0.01,6,0.0,15.625,562.5,0.0,0.0,0.0,1062.5,0.0
