L_slow,L_fast,L_diff,n,d,k,seed,subsample_size,steps,t_A,t_B,t_sketching,t_sampling,t_choose_best,t_sampling_centroids,t_get_avg
14804987.754951283,,,111753,9,6,0,0.01,2,546.875,140.625,46.875,0.0,0.0,15.625,93.75
12503164.604198232,,,111753,9,6,0,0.01,2,31.25,0.0,31.25,0.0,0.0,0.0,78.125
12503164.604198232,,,111753,9,6,0,0.01,2,46.875,0.0,31.25,15.625,0.0,0.0,78.125
