L_slow,L_fast,L_diff,n,d,k,seed,subsample_size,steps,t_A,t_B,t_sketching,t_sampling,t_choose_best,t_sampling_centroids,t_get_avg,t_permutation
3673867712.8471856,3032540205.222385,-641327507.6248007,761940,6,4,0,0.01,8,78.125,15.625,171.875,0.0,0.0,0.0,296.875,171.875
3030476252.0221114,3026373573.907511,-4102678.1146001816,761940,6,4,0,0.01,8,0.0,15.625,156.25,0.0,0.0,0.0,265.625,0.0
3025668144.501423,3026700699.2877636,1032554.7863407135,761940,6,4,0,0.01,8,0.0,31.25,171.875,0.0,0.0,0.0,281.25,0.0
3025514159.424328,3027320583.0359693,1806423.611641407,761940,6,4,0,0.01,8,0.0,15.625,156.25,0.0,0.0,0.0,296.875,0.0
3025471518.603978,3026274492.02132,802973.4173417091,761940,6,4,0,0.01,8,0.0,15.625,156.25,0.0,0.0,0.0,281.25,0.0
3025457712.509886,3028388374.482666,2930661.9727802277,761940,6,4,0,0.01,8,0.0,15.625,171.875,0.0,0.0,0.0,265.625,0.0
3025451963.365152,3027672054.75242,2220091.3872680664,761940,6,4,0,0.01,8,0.0,15.625,156.25,0.0,0.0,0.0,281.25,0.0
3025448854.773931,3026424981.76645,976126.9925189018,761940,6,4,0,0.01,8,0.0,31.25,156.25,0.0,0.0,0.0,281.25,0.0
3025446880.649188,3026826430.903699,1379550.2545108795,761940,6,4,0,0.01,8,0.0,15.625,171.875,0.0,0.0,0.0,281.25,0.0
