L_slow,L_fast,L_diff,n,d,k,seed,subsample_size,steps,t_A,t_B,t_sketching,t_sampling,t_choose_best,t_sampling_centroids,t_get_avg
834559878488801.8,,,104820,7,6,0,0.01,7,531.25,187.5,62.5,46.875,0.0,0.0,31.25
208827871456.74036,,,104820,7,6,0,0.01,7,15.625,0.0,31.25,0.0,0.0,0.0,62.5
118271997993.94043,118374296843.00548,102298849.06504822,104820,7,6,0,0.01,7,31.25,0.0,31.25,0.0,0.0,0.0,62.5
58244524328.78372,,,104820,7,6,0,0.01,7,15.625,0.0,31.25,0.0,0.0,15.625,62.5
55937183709.22104,,,104820,7,6,0,0.01,7,15.625,0.0,31.25,0.0,0.0,15.625,62.5
55704070512.2577,,,104820,7,6,0,0.01,7,15.625,0.0,31.25,0.0,0.0,15.625,62.5
55703223574.080246,,,104820,7,6,0,0.01,7,15.625,0.0,31.25,0.0,0.0,15.625,62.5
55703217633.6369,64685053272.250946,8981835638.614044,104820,7,6,0,0.01,7,15.625,0.0,31.25,0.0,0.0,15.625,46.875
