L_slow,L_fast,L_diff,n,d,k,seed,subsample_size,steps,t_A,t_B,t_sketching,t_sampling,t_choose_best,t_sampling_centroids,t_get_avg,t_permutation
834559878488801.8,,,104820,7,6,0,0.01,7,15.625,0.0,15.625,0.0,0.0,0.0,62.5,15.625
208827871456.74036,,,104820,7,6,0,0.01,7,0.0,0.0,31.25,0.0,0.0,0.0,62.5,0.0
118271997993.94043,186246956521.98367,67974958528.04324,104820,7,6,0,0.01,7,0.0,0.0,31.25,0.0,0.0,0.0,46.875,0.0
58244524328.78372,,,104820,7,6,0,0.01,7,0.0,15.625,31.25,0.0,0.0,0.0,46.875,0.0
55937183709.22104,,,104820,7,6,0,0.01,7,0.0,0.0,31.25,0.0,0.0,0.0,62.5,0.0
55704070512.2577,65844498960.85449,10140428448.596794,104820,7,6,0,0.01,7,0.0,0.0,31.25,0.0,0.0,0.0,46.875,0.0
55703223574.080246,56002693001.39358,299469427.3133316,104820,7,6,0,0.01,7,0.0,15.625,31.25,0.0,0.0,0.0,46.875,0.0
55703217633.6369,,,104820,7,6,0,0.01,7,0.0,0.0,31.25,0.0,0.0,0.0,62.5,0.0
