L_slow,L_fast,L_diff,n,d,k,seed,subsample_size,steps,t_A,t_B,t_sketching,t_sampling,t_choose_best,t_sampling_centroids,t_get_avg,t_permutation
16170575.513422217,26779882.864880588,10609307.35145837,111753,9,5,0,0.01,1,0.0,0.0,93.75,0.0,0.0,0.0,62.5,0.0
13868757.140569357,97993261.96609746,84124504.8255281,111753,9,5,0,0.01,1,0.0,0.0,46.875,0.0,0.0,0.0,62.5,0.0
