L_slow,L_fast,L_diff,n,d,k,seed,subsample_size,steps,t_A,t_B,t_sketching,t_sampling,t_choose_best,t_sampling_centroids,t_get_avg
1138255123978066.8,,,104820,7,4,0,0.01,4,187.5,187.5,46.875,0.0,0.0,125.0,62.5
834546345456815.4,182173058099095.75,-652373287357719.6,104820,7,4,0,0.01,4,31.25,0.0,31.25,0.0,0.0,0.0,62.5
76824089738.21204,29201582516883.15,29124758427144.938,104820,7,4,0,0.01,4,15.625,0.0,31.25,0.0,0.0,0.0,46.875
76823315612.95288,,,104820,7,4,0,0.01,4,15.625,0.0,15.625,0.0,0.0,0.0,62.5
76823297511.23991,,,104820,7,4,0,0.01,4,15.625,0.0,31.25,0.0,0.0,0.0,46.875
