L_slow,L_fast,L_diff,n,d,k,seed,subsample_size,steps,t_A,t_B,t_sketching,t_sampling,t_choose_best,t_sampling_centroids,t_get_avg,t_permutation
515.6519936924014,380.42368777493635,-135.2283059174651,531441,12,5,0,0.01,5,125.0,0.0,265.625,0.0,0.0,0.0,421.875,218.75
380.190216112208,380.5221598719817,0.3319437597737078,531441,12,5,0,0.01,5,0.0,15.625,265.625,0.0,0.0,0.0,421.875,0.0
380.1788957822678,380.66527248751896,0.4863767052511889,531441,12,5,0,0.01,5,0.0,15.625,265.625,0.0,0.0,0.0,421.875,0.0
380.17726201465365,381.01980497422784,0.8425429595741889,531441,12,5,0,0.01,5,0.0,15.625,265.625,0.0,0.0,0.0,437.5,0.0
380.1768673953618,380.7583761169219,0.5815087215601125,531441,12,5,0,0.01,5,0.0,0.0,265.625,0.0,0.0,0.0,437.5,0.0
380.1767328088571,380.598895328274,0.42216251941692917,531441,12,5,0,0.01,5,0.0,15.625,250.0,0.0,0.0,0.0,437.5,0.0
