L_slow,L_fast,L_diff,n,d,k,seed,subsample_size,steps,t_A,t_B,t_sketching,t_sampling,t_choose_best,t_sampling_centroids,t_get_avg
14.798530076159082,9.450762179636227,-5.347767896522855,177147,11,3,0,0.01,7,218.75,0.0,78.125,0.0,0.0,15.625,109.375
9.437740935076697,11.984634074777954,2.5468931397012575,177147,11,3,0,0.01,7,46.875,0.0,62.5,0.0,0.0,0.0,109.375
9.43720929273904,11.969309855174172,2.532100562435133,177147,11,3,0,0.01,7,46.875,15.625,46.875,0.0,0.0,0.0,109.375
9.437100737651678,9.442870215136338,0.005769477484660612,177147,11,3,0,0.01,7,31.25,0.0,62.5,0.0,0.0,0.0,109.375
9.437057254693043,9.444905070599182,0.007847815906139033,177147,11,3,0,0.01,7,46.875,0.0,78.125,15.625,0.0,0.0,93.75
9.437032843679914,11.9439395582376,2.5069067145576867,177147,11,3,0,0.01,7,31.25,15.625,62.5,0.0,0.0,0.0,93.75
9.437020684127429,13.064063283293446,3.6270425991660176,177147,11,3,0,0.01,7,46.875,15.625,62.5,0.0,0.0,0.0,93.75
9.437015390460347,9.442635854417132,0.005620463956784505,177147,11,3,0,0.01,7,46.875,0.0,62.5,0.0,0.0,15.625,93.75
