L_slow,L_fast,L_diff,n,d,k,seed,subsample_size,steps,t_A,t_B,t_sketching,t_sampling,t_choose_best,t_sampling_centroids,t_get_avg,t_permutation
3.23237648456531e+36,2.4834017403278416e+35,-2.984036310532526e+36,732977,17,6,0,0.01,8,281.25,31.25,515.625,0.0,0.0,0.0,921.875,500.0
2.4815809060714077e+35,2.484951908660988e+35,3.371002589580279e+32,732977,17,6,0,0.01,8,0.0,31.25,531.25,0.0,0.0,0.0,906.25,0.0
2.4807819258939896e+35,2.5105174048475622e+35,2.9735478953572594e+33,732977,17,6,0,0.01,8,0.0,31.25,500.0,0.0,0.0,0.0,890.625,0.0
2.4800793718521782e+35,2.033373772671167e+35,-4.467055991810111e+34,732977,17,6,0,0.01,8,0.0,15.625,531.25,0.0,0.0,0.0,875.0,0.0
2.0309474567782043e+35,2.0368677736582882e+35,5.9203168800839295e+32,732977,17,6,0,0.01,8,0.0,15.625,515.625,0.0,0.0,0.0,875.0,0.0
2.030874093412374e+35,2.033080137187397e+35,2.2060437750229447e+32,732977,17,6,0,0.01,8,0.0,31.25,531.25,0.0,0.0,0.0,875.0,0.0
2.030855588991747e+35,2.0405036991598434e+35,9.648110168096398e+32,732977,17,6,0,0.01,8,0.0,31.25,515.625,0.0,0.0,0.0,890.625,0.0
2.0308529998254306e+35,2.0380460721149623e+35,7.193072289531746e+32,732977,17,6,0,0.01,8,0.0,15.625,531.25,0.0,0.0,0.0,906.25,0.0
2.0308529920419026e+35,2.03975074371997e+35,8.897751678067384e+32,732977,17,6,0,0.01,8,0.0,31.25,515.625,0.0,0.0,0.0,890.625,0.0
