L_slow,L_fast,L_diff,n,d,k,seed,subsample_size,steps,t_A,t_B,t_sketching,t_sampling,t_choose_best,t_sampling_centroids,t_get_avg
16170575.513422217,,,111753,9,5,0,0.01,2,468.75,15.625,46.875,15.625,0.0,15.625,78.125
13868757.140569357,,,111753,9,5,0,0.01,2,31.25,0.0,15.625,0.0,0.0,0.0,93.75
13868757.140569357,,,111753,9,5,0,0.01,2,31.25,0.0,46.875,15.625,0.0,0.0,62.5
