L_slow,L_fast,L_diff,n,d,k,seed,subsample_size,steps,t_A,t_B,t_sketching,t_sampling,t_choose_best,t_sampling_centroids,t_get_avg,t_permutation
834559849194193.4,59365644018.46003,-834500483550174.9,104820,7,8,0,0.01,3,390.625,0.0,31.25,0.0,0.0,0.0,78.125,734.375
55797959121.667595,,,104820,7,8,0,0.01,3,0.0,0.0,31.25,0.0,0.0,0.0,46.875,0.0
55699728314.62325,,,104820,7,8,0,0.01,3,0.0,0.0,31.25,0.0,0.0,0.0,62.5,0.0
55699728314.417076,,,104820,7,8,0,0.01,3,0.0,15.625,31.25,0.0,0.0,0.0,62.5,0.0
