L_slow,L_fast,L_diff,n,d,k,seed,subsample_size,steps,t_A,t_B,t_sketching,t_sampling,t_choose_best,t_sampling_centroids,t_get_avg,t_permutation
2.2460215457316535e+36,1.309692983426381e+35,-2.1150522473890154e+36,732977,17,8,0,0.01,6,359.375,31.25,562.5,0.0,0.0,0.0,1156.25,500.0
1.3086718274805408e+35,1.340973483649646e+35,3.230165616910515e+33,732977,17,8,0,0.01,6,0.0,15.625,578.125,0.0,0.0,0.0,1062.5,0.0
1.3085013820978468e+35,1.3234543007312615e+35,1.4952918633414702e+33,732977,17,8,0,0.01,6,0.0,31.25,562.5,0.0,0.0,0.0,1015.625,0.0
1.3084558823299019e+35,1.3119220761656738e+35,3.466193835771939e+32,732977,17,8,0,0.01,6,0.0,31.25,562.5,0.0,0.0,0.0,1062.5,0.0
1.30844412188647e+35,1.3125404942999088e+35,4.096372413438767e+32,732977,17,8,0,0.01,6,0.0,15.625,546.875,0.0,0.0,0.0,1078.125,0.0
1.3084381047474482e+35,1.3195402160872133e+35,1.110211133976503e+33,732977,17,8,0,0.01,6,0.0,31.25,546.875,0.0,0.0,0.0,1062.5,0.0
1.3084371016777957e+35,1.3210122837211081e+35,1.2575182043312392e+33,732977,17,8,0,0.01,6,0.0,15.625,562.5,0.0,0.0,0.0,1062.5,0.0
