L_slow,L_fast,L_diff,n,d,k,seed,subsample_size,steps,t_A,t_B,t_sketching,t_sampling,t_choose_best,t_sampling_centroids,t_get_avg,t_permutation
14.798530076159082,9.44852499043162,-5.350005085727462,177147,11,3,0,0.01,8,31.25,0.0,78.125,0.0,0.0,0.0,109.375,546.875
9.438087046048993,9.454630023837089,0.016542977788095214,177147,11,3,0,0.01,8,0.0,0.0,62.5,0.0,0.0,0.0,93.75,0.0
9.43744627224128,9.456326019811433,0.018879747570153427,177147,11,3,0,0.01,8,0.0,0.0,62.5,0.0,0.0,0.0,93.75,0.0
9.437242236596939,9.51739336329887,0.08015112670193147,177147,11,3,0,0.01,8,0.0,0.0,62.5,0.0,0.0,0.0,93.75,0.0
9.437117131690286,9.45304434638835,0.015927214698063352,177147,11,3,0,0.01,8,0.0,15.625,78.125,0.0,0.0,0.0,93.75,0.0
9.43705889716627,9.451537809367528,0.014478912201257188,177147,11,3,0,0.01,8,0.0,0.0,62.5,0.0,0.0,0.0,93.75,0.0
9.437030781273803,9.504601222564293,0.06757044129049028,177147,11,3,0,0.01,8,0.0,0.0,62.5,0.0,0.0,0.0,93.75,0.0
9.437015749225129,9.474996925598552,0.0379811763734228,177147,11,3,0,0.01,8,0.0,0.0,62.5,0.0,0.0,0.0,109.375,0.0
9.437011555738042,9.484873908234743,0.047862352496700566,177147,11,3,0,0.01,8,0.0,15.625,46.875,0.0,0.0,0.0,109.375,0.0
