L_slow,L_fast,L_diff,n,d,k,seed,subsample_size,steps,t_A,t_B,t_sketching,t_sampling,t_choose_best,t_sampling_centroids,t_get_avg,t_permutation
834559878488801.8,,,104820,7,6,0,0.01,7,15.625,0.0,46.875,0.0,0.0,0.0,46.875,15.625
208827871456.74036,,,104820,7,6,0,0.01,7,0.0,0.0,15.625,0.0,0.0,0.0,46.875,0.0
118271997993.94043,189780819333.31912,71508821339.3787,104820,7,6,0,0.01,7,0.0,0.0,15.625,0.0,0.0,0.0,62.5,0.0
58244524328.78372,,,104820,7,6,0,0.01,7,0.0,0.0,31.25,0.0,0.0,0.0,31.25,0.0
55937183709.22104,,,104820,7,6,0,0.01,7,0.0,0.0,31.25,0.0,0.0,0.0,46.875,0.0
55704070512.2577,44872742216.1635,-10831328296.0942,104820,7,6,0,0.01,7,0.0,0.0,31.25,0.0,0.0,0.0,46.875,0.0
41882960054.981255,45765801692.960945,3882841637.9796906,104820,7,6,0,0.01,7,0.0,0.0,31.25,0.0,0.0,0.0,46.875,0.0
41755047984.00408,,,104820,7,6,0,0.01,7,0.0,15.625,15.625,0.0,0.0,0.0,62.5,0.0
