L_slow,L_fast,L_diff,n,d,k,seed,subsample_size,steps,t_A,t_B,t_sketching,t_sampling,t_choose_best,t_sampling_centroids,t_get_avg
498.4704873650597,467.1227054383259,-31.347781926733774,581835,10,4,0,0.01,7,109.375,15.625,203.125,15.625,0.0,0.0,343.75
466.4611073907527,467.7508844439183,1.2897770531656079,581835,10,4,0,0.01,7,171.875,0.0,203.125,15.625,0.0,15.625,343.75
466.24304892705726,465.97474863734334,-0.2683002897139204,581835,10,4,0,0.01,7,156.25,15.625,187.5,15.625,0.0,15.625,359.375
465.76825557926,466.3065480965131,0.538292517253069,581835,10,4,0,0.01,7,156.25,15.625,203.125,0.0,0.0,15.625,375.0
465.737106037497,466.0393040934173,0.3021980559202575,581835,10,4,0,0.01,7,156.25,15.625,187.5,0.0,0.0,15.625,375.0
465.7323113631157,466.26426780658693,0.5319564434712447,581835,10,4,0,0.01,7,171.875,0.0,203.125,15.625,0.0,15.625,359.375
465.73129081867773,465.84279127738523,0.11150045870749636,581835,10,4,0,0.01,7,156.25,15.625,203.125,15.625,0.0,15.625,343.75
465.73103283382557,465.83680158524794,0.10576875142237441,581835,10,4,0,0.01,7,156.25,15.625,203.125,0.0,0.0,15.625,359.375
