L_slow,L_fast,L_diff,n,d,k,seed,subsample_size,steps,t_A,t_B,t_sketching,t_sampling,t_choose_best,t_sampling_centroids,t_get_avg,t_permutation
5957168770.706507,5377941482.760407,-579227287.9460993,761940,6,3,0,0.01,7,46.875,15.625,156.25,0.0,0.0,0.0,250.0,171.875
5377623345.763664,5378760409.518866,1137063.7552013397,761940,6,3,0,0.01,7,0.0,15.625,156.25,0.0,0.0,0.0,234.375,0.0
5377445706.861526,14074928000.735888,8697482293.874363,761940,6,3,0,0.01,7,0.0,15.625,171.875,0.0,0.0,0.0,234.375,0.0
5377345816.759765,5377344597.258724,-1219.5010404586792,761940,6,3,0,0.01,7,0.0,15.625,156.25,0.0,0.0,0.0,250.0,0.0
5377247130.910338,5377253262.456106,6131.545767784119,761940,6,3,0,0.01,7,0.0,15.625,156.25,0.0,0.0,0.0,234.375,0.0
5377231642.279194,5377305378.035329,73735.75613498688,761940,6,3,0,0.01,7,0.0,15.625,171.875,0.0,0.0,0.0,234.375,0.0
5377225311.788163,5377514225.794388,288914.00622463226,761940,6,3,0,0.01,7,0.0,15.625,156.25,0.0,0.0,0.0,250.0,0.0
5377221889.925777,5377269309.9917345,47420.0659570694,761940,6,3,0,0.01,7,0.0,15.625,156.25,0.0,0.0,0.0,234.375,0.0
