L_slow,L_fast,L_diff,n,d,k,seed,subsample_size,steps,t_A,t_B,t_sketching,t_sampling,t_choose_best,t_sampling_centroids,t_get_avg,t_permutation
750.8291405115772,740.9064534167318,-9.9226870948454,531441,12,3,0,0.01,7,62.5,15.625,218.75,0.0,0.0,0.0,328.125,203.125
740.5313082190268,740.8270144434912,0.29570622446442485,531441,12,3,0,0.01,7,0.0,15.625,218.75,0.0,0.0,0.0,312.5,0.0
740.4969753853435,1516.0674020689437,775.5704266836002,531441,12,3,0,0.01,7,0.0,15.625,218.75,0.0,0.0,0.0,312.5,0.0
740.4771285585323,1057.2694514333496,316.7923228748173,531441,12,3,0,0.01,7,0.0,15.625,203.125,0.0,0.0,0.0,328.125,0.0
740.4667457509057,740.4629181325888,-0.0038276183169045908,531441,12,3,0,0.01,7,0.0,15.625,203.125,0.0,0.0,0.0,312.5,0.0
740.4528071829956,857.2234448605308,116.7706376775352,531441,12,3,0,0.01,7,0.0,15.625,218.75,0.0,0.0,0.0,312.5,0.0
740.4518869040677,741.9759697194778,1.524082815410111,531441,12,3,0,0.01,7,0.0,0.0,234.375,0.0,0.0,0.0,312.5,0.0
740.4513494020215,809.461992381901,69.01064297987955,531441,12,3,0,0.01,7,0.0,15.625,218.75,0.0,0.0,0.0,296.875,0.0
