L_slow,L_fast,L_diff,n,d,k,seed,subsample_size,steps,t_A,t_B,t_sketching,t_sampling,t_choose_best,t_sampling_centroids,t_get_avg
10.137922869388133,7.2018470980889555,-2.936075771299177,177147,11,5,0,0.01,5,234.375,0.0,78.125,31.25,0.0,15.625,125.0
7.180475865352809,7.979380996197537,0.7989051308447275,177147,11,5,0,0.01,5,46.875,15.625,62.5,15.625,0.0,0.0,125.0
7.179967707855221,8.776447345419847,1.5964796375646255,177147,11,5,0,0.01,5,62.5,0.0,62.5,0.0,0.0,0.0,140.625
7.179893825543387,7.635811499341909,0.45591767379852133,177147,11,5,0,0.01,5,62.5,0.0,93.75,0.0,0.0,0.0,125.0
7.179873400540709,7.636414270562202,0.45654087002149346,177147,11,5,0,0.01,5,62.5,0.0,62.5,15.625,0.0,15.625,125.0
7.179868634016024,7.84469097245711,0.6648223384410867,177147,11,5,0,0.01,5,62.5,0.0,62.5,0.0,0.0,0.0,156.25
