L_slow,L_fast,L_diff,n,d,k,seed,subsample_size,steps,t_A,t_B,t_sketching,t_sampling,t_choose_best,t_sampling_centroids,t_get_avg,t_permutation
1017525987.1482959,436189257.95170957,-581336729.1965864,110527,8,5,0,0.01,6,15.625,0.0,31.25,0.0,0.0,0.0,46.875,15.625
431299471.4946753,428021544.9050779,-3277926.589597404,110527,8,5,0,0.01,6,0.0,0.0,31.25,0.0,0.0,0.0,46.875,0.0
427122951.1081772,430552553.0089817,3429601.9008045197,110527,8,5,0,0.01,6,0.0,0.0,31.25,0.0,0.0,0.0,46.875,0.0
426921439.9426251,549975017.4654263,123053577.52280122,110527,8,5,0,0.01,6,0.0,0.0,46.875,0.0,0.0,0.0,46.875,0.0
426881223.7006148,427286264.9913367,405041.2907218933,110527,8,5,0,0.01,6,0.0,0.0,31.25,0.0,0.0,0.0,46.875,0.0
426879807.6999855,427021070.6698995,141262.9699140191,110527,8,5,0,0.01,6,0.0,15.625,31.25,0.0,0.0,0.0,46.875,0.0
426879755.2306638,465537705.15022707,38657949.91956329,110527,8,5,0,0.01,6,0.0,0.0,31.25,0.0,0.0,0.0,62.5,0.0
