L_slow,L_fast,L_diff,n,d,k,seed,subsample_size,steps,t_A,t_B,t_sketching,t_sampling,t_choose_best,t_sampling_centroids,t_get_avg,t_permutation
3.23237648456531e+36,2.4834017403278416e+35,-2.984036310532526e+36,732977,17,6,0,0.01,5,265.625,31.25,515.625,0.0,0.0,0.0,937.5,453.125
2.4815809060714077e+35,3.178339470431715e+35,6.967585643603074e+34,732977,17,6,0,0.01,5,0.0,31.25,515.625,0.0,0.0,0.0,890.625,0.0
2.4807819258939896e+35,3.180705560929132e+35,6.999236350351425e+34,732977,17,6,0,0.01,5,0.0,15.625,515.625,0.0,0.0,0.0,890.625,0.0
2.4800793718521782e+35,5.1470416837700765e+35,2.6669623119178983e+35,732977,17,6,0,0.01,5,0.0,15.625,515.625,0.0,0.0,0.0,875.0,0.0
2.4796792800885065e+35,2.4804588255924983e+35,7.795455039917843e+31,732977,17,6,0,0.01,5,0.0,31.25,515.625,0.0,0.0,0.0,890.625,0.0
2.4796784504439904e+35,4.408338348951666e+35,1.928659898507676e+35,732977,17,6,0,0.01,5,0.0,31.25,515.625,0.0,0.0,0.0,875.0,0.0
