L_slow,L_fast,L_diff,n,d,k,seed,subsample_size,steps,t_A,t_B,t_sketching,t_sampling,t_choose_best,t_sampling_centroids,t_get_avg,t_permutation
143727837.26057398,99535484.01130614,-44192353.24926785,111753,9,3,0,0.01,2,0.0,0.0,62.5,0.0,0.0,0.0,46.875,0.0
99436174.29639101,41553978.89556053,-57882195.40083048,111753,9,3,0,0.01,2,0.0,0.0,46.875,0.0,0.0,0.0,46.875,0.0
41235106.686355196,99466045.71030024,58230939.02394504,111753,9,3,0,0.01,2,0.0,0.0,31.25,0.0,0.0,0.0,46.875,0.0
