L_slow,L_fast,L_diff,n,d,k,seed,subsample_size,steps,t_A,t_B,t_sketching,t_sampling,t_choose_best,t_sampling_centroids,t_get_avg,t_permutation
11.222317050827009,7.815680645550201,-3.4066364052768074,177147,11,4,0,0.01,6,31.25,15.625,62.5,0.0,0.0,0.0,109.375,578.125
7.795361434124561,7.806569493557876,0.011208059433315043,177147,11,4,0,0.01,6,0.0,0.0,62.5,0.0,0.0,0.0,125.0,0.0
7.795246935153208,7.8181716767556315,0.022924741602423637,177147,11,4,0,0.01,6,0.0,0.0,62.5,0.0,0.0,0.0,93.75,0.0
7.795224181055148,7.817464366666727,0.022240185611579477,177147,11,4,0,0.01,6,0.0,0.0,62.5,0.0,0.0,0.0,109.375,0.0
7.795210613191113,7.812590201663603,0.017379588472490326,177147,11,4,0,0.01,6,0.0,0.0,62.5,0.0,0.0,0.0,109.375,0.0
7.795200215856787,7.817467896781345,0.022267680924557887,177147,11,4,0,0.01,6,0.0,0.0,78.125,0.0,0.0,0.0,93.75,0.0
7.795194315844385,7.80794656802691,0.012752252182525403,177147,11,4,0,0.01,6,0.0,15.625,62.5,0.0,0.0,0.0,93.75,0.0
