L_slow,L_fast,L_diff,n,d,k,seed,subsample_size,steps,t_A,t_B,t_sketching,t_sampling,t_choose_best,t_sampling_centroids,t_get_avg,t_permutation
624.1950102143021,484.1920892899588,-140.0029209243433,531441,12,4,0,0.01,5,93.75,0.0,234.375,0.0,0.0,0.0,359.375,218.75
483.96398900618027,484.4877717533404,0.5237827471601122,531441,12,4,0,0.01,5,0.0,15.625,218.75,0.0,0.0,0.0,343.75,0.0
483.9598349785802,484.7597309339212,0.7998959553410145,531441,12,4,0,0.01,5,0.0,15.625,234.375,0.0,0.0,0.0,359.375,0.0
483.9589113757131,485.8385471532789,1.8796357775657953,531441,12,4,0,0.01,5,0.0,15.625,234.375,0.0,0.0,0.0,359.375,0.0
483.9584049278687,484.33752392949043,0.3791190016217456,531441,12,4,0,0.01,5,0.0,15.625,234.375,0.0,0.0,0.0,359.375,0.0
483.95807263414576,484.1388694635209,0.18079682937514008,531441,12,4,0,0.01,5,0.0,15.625,218.75,0.0,0.0,0.0,375.0,0.0
