L_slow,L_fast,L_diff,n,d,k,seed,subsample_size,steps,t_A,t_B,t_sketching,t_sampling,t_choose_best,t_sampling_centroids,t_get_avg,t_permutation
1017525987.1482959,436189257.95170957,-581336729.1965864,110527,8,5,0,0.01,5,15.625,0.0,31.25,0.0,0.0,0.0,46.875,31.25
431299471.4946753,428214344.81932527,-3085126.6753500104,110527,8,5,0,0.01,5,0.0,0.0,31.25,0.0,0.0,0.0,46.875,0.0
427132912.7323429,446984056.2944858,19851143.56214291,110527,8,5,0,0.01,5,0.0,0.0,31.25,0.0,0.0,0.0,46.875,0.0
426920715.47012734,498882230.11647135,71961514.646344,110527,8,5,0,0.01,5,0.0,0.0,31.25,0.0,0.0,0.0,46.875,0.0
426880977.1858857,429910572.6162764,3029595.430390656,110527,8,5,0,0.01,5,0.0,15.625,15.625,0.0,0.0,0.0,62.5,0.0
426879704.6413897,430019175.3884985,3139470.7471087575,110527,8,5,0,0.01,5,0.0,0.0,31.25,0.0,0.0,0.0,46.875,0.0
