L_slow,L_fast,L_diff,n,d,k,seed,subsample_size,steps,t_A,t_B,t_sketching,t_sampling,t_choose_best,t_sampling_centroids,t_get_avg
594.3437988577115,529.0226729968052,-65.32112586090625,581835,10,3,0,0.01,3,15.625,0.0,296.875,15.625,0.0,0.0,312.5
528.6911395671816,528.836523314126,0.1453837469443897,581835,10,3,0,0.01,3,156.25,15.625,187.5,15.625,0.0,15.625,343.75
528.6859031620426,528.8149753833145,0.12907222127194018,581835,10,3,0,0.01,3,140.625,15.625,171.875,15.625,0.0,15.625,328.125
528.6856463914235,528.8389087452231,0.15326235379961872,581835,10,3,0,0.01,3,125.0,15.625,187.5,0.0,0.0,15.625,328.125
