L_slow,L_fast,L_diff,n,d,k,seed,subsample_size,steps,t_A,t_B,t_sketching,t_sampling,t_choose_best,t_sampling_centroids,t_get_avg,t_permutation
11.222317050827009,7.815680645550201,-3.4066364052768074,177147,11,4,0,0.01,6,15.625,15.625,46.875,0.0,0.0,0.0,109.375,46.875
7.795361434124561,7.806766512145802,0.01140507802124091,177147,11,4,0,0.01,6,0.0,0.0,62.5,0.0,0.0,0.0,125.0,0.0
7.795246935153208,7.801130395791738,0.005883460638529847,177147,11,4,0,0.01,6,0.0,0.0,62.5,0.0,0.0,0.0,109.375,0.0
7.795224181055148,8.668757258121946,0.8735330770667984,177147,11,4,0,0.01,6,0.0,0.0,62.5,0.0,0.0,0.0,93.75,0.0
7.795210613191113,8.334104679380355,0.5388940661892416,177147,11,4,0,0.01,6,0.0,15.625,46.875,0.0,0.0,0.0,109.375,0.0
7.795200215856787,8.1133740211922,0.3181738053354133,177147,11,4,0,0.01,6,0.0,0.0,62.5,0.0,0.0,0.0,109.375,0.0
7.795194315844385,8.937794308135809,1.1425999922914238,177147,11,4,0,0.01,6,0.0,15.625,46.875,0.0,0.0,0.0,109.375,0.0
