L_slow,L_fast,L_diff,n,d,k,seed,subsample_size,steps,t_A,t_B,t_sketching,t_sampling,t_choose_best,t_sampling_centroids,t_get_avg,t_permutation
10.137922869388133,7.203213262618725,-2.934709606769408,177147,11,5,0,0.01,5,46.875,0.0,62.5,0.0,0.0,0.0,156.25,31.25
7.180620508948598,7.204212347261958,0.02359183831335976,177147,11,5,0,0.01,5,0.0,0.0,62.5,0.0,0.0,0.0,140.625,0.0
7.179980724684494,7.857488240884565,0.6775075162000705,177147,11,5,0,0.01,5,0.0,0.0,62.5,0.0,0.0,0.0,125.0,0.0
7.179891254108587,7.4920492528924045,0.31215799878381745,177147,11,5,0,0.01,5,0.0,15.625,62.5,0.0,0.0,0.0,140.625,0.0
7.1798730538155935,7.360716398774806,0.18084334495921262,177147,11,5,0,0.01,5,0.0,0.0,78.125,0.0,0.0,0.0,140.625,0.0
7.17986814117353,7.456877129073899,0.277008987900369,177147,11,5,0,0.01,5,0.0,0.0,62.5,0.0,0.0,0.0,109.375,0.0
