L_slow,L_fast,L_diff,n,d,k,seed,subsample_size,steps,t_A,t_B,t_sketching,t_sampling,t_choose_best,t_sampling_centroids,t_get_avg,t_permutation
4.4305954219359924e+36,8.097455525310815e+35,-3.6208498694049107e+36,732977,17,3,0,0.01,6,125.0,46.875,437.5,0.0,0.0,0.0,531.25,468.75
8.094738279261046e+35,8.111395119783044e+35,1.6656840521997617e+33,732977,17,3,0,0.01,6,0.0,31.25,390.625,0.0,0.0,0.0,593.75,0.0
8.094463595398878e+35,8.096538675400653e+35,2.075080001774189e+32,732977,17,3,0,0.01,6,0.0,31.25,390.625,0.0,0.0,0.0,609.375,0.0
8.094363257438824e+35,8.094367503350122e+35,4.2459112973798684e+29,732977,17,3,0,0.01,6,0.0,31.25,406.25,0.0,0.0,0.0,593.75,0.0
8.094322366180865e+35,8.094613011498128e+35,2.9064531726366105e+31,732977,17,3,0,0.01,6,0.0,31.25,390.625,0.0,0.0,0.0,609.375,0.0
8.094307868083715e+35,8.094354878527212e+35,4.701044349759541e+30,732977,17,3,0,0.01,6,0.0,31.25,406.25,0.0,0.0,0.0,609.375,0.0
8.094304937057067e+35,8.094387515093099e+35,8.257803603211007e+30,732977,17,3,0,0.01,6,0.0,15.625,406.25,0.0,0.0,0.0,609.375,0.0
