L_slow,L_fast,L_diff,n,d,k,seed,subsample_size,steps,t_A,t_B,t_sketching,t_sampling,t_choose_best,t_sampling_centroids,t_get_avg,t_permutation
469.6380567456097,326.345526102305,-143.2925306433047,531441,12,6,0,0.01,8,140.625,15.625,281.25,0.0,0.0,0.0,468.75,234.375
325.96720148487634,347.3780330448849,21.410831560008546,531441,12,6,0,0.01,8,0.0,15.625,281.25,0.0,0.0,0.0,468.75,0.0
325.9146035209853,326.156002029979,0.2413985089937114,531441,12,6,0,0.01,8,0.0,0.0,281.25,0.0,0.0,0.0,468.75,0.0
325.8961222630348,326.8152740318021,0.9191517687673354,531441,12,6,0,0.01,8,0.0,15.625,265.625,0.0,0.0,0.0,484.375,0.0
325.89001940874476,326.3685581312122,0.4785387224674196,531441,12,6,0,0.01,8,0.0,0.0,281.25,0.0,0.0,0.0,468.75,0.0
325.8878162855323,326.25152364563667,0.36370736010434257,531441,12,6,0,0.01,8,0.0,15.625,281.25,0.0,0.0,0.0,437.5,0.0
325.8869034831039,326.30289484595835,0.41599136285447,531441,12,6,0,0.01,8,0.0,0.0,281.25,0.0,0.0,0.0,421.875,0.0
325.8865605988117,326.04080128455166,0.1542406857399783,531441,12,6,0,0.01,8,0.0,15.625,281.25,0.0,0.0,0.0,437.5,0.0
325.88641493738294,326.57461008186374,0.688195144480801,531441,12,6,0,0.01,8,0.0,15.625,281.25,0.0,0.0,0.0,453.125,0.0
