L_slow,L_fast,L_diff,n,d,k,seed,subsample_size,steps,t_A,t_B,t_sketching,t_sampling,t_choose_best,t_sampling_centroids,t_get_avg,t_permutation
515.6519936924014,380.4403603753702,-135.21163331703127,531441,12,5,0,0.01,5,125.0,0.0,265.625,0.0,0.0,0.0,421.875,234.375
380.19637910774134,380.52491305267233,0.32853394493099586,531441,12,5,0,0.01,5,0.0,15.625,265.625,0.0,0.0,0.0,406.25,0.0
380.18098889085985,380.66527248751896,0.484283596659111,531441,12,5,0,0.01,5,0.0,15.625,250.0,0.0,0.0,0.0,437.5,0.0
380.17796606614405,381.01980497422784,0.8418389080837869,531441,12,5,0,0.01,5,0.0,0.0,265.625,0.0,0.0,0.0,421.875,0.0
380.17714286126215,380.7583761169219,0.5812332556597539,531441,12,5,0,0.01,5,0.0,15.625,265.625,0.0,0.0,0.0,406.25,0.0
380.1768616612762,380.598895328274,0.42203366699783373,531441,12,5,0,0.01,5,0.0,0.0,265.625,0.0,0.0,0.0,390.625,0.0
