L_slow,L_fast,L_diff,n,d,k,seed,subsample_size,steps,t_A,t_B,t_sketching,t_sampling,t_choose_best,t_sampling_centroids,t_get_avg
143727837.26057398,65763342.704450086,-77964494.5561239,111753,9,3,0,0.01,2,312.5,15.625,46.875,15.625,0.0,171.875,62.5
65707656.70370147,,,111753,9,3,0,0.01,2,15.625,15.625,31.25,0.0,0.0,0.0,62.5
65707656.70370147,65751593.67126018,43936.96755871177,111753,9,3,0,0.01,2,15.625,15.625,31.25,15.625,0.0,0.0,46.875
