L_slow,L_fast,L_diff,n,d,k,seed,subsample_size,steps,t_A,t_B,t_sketching,t_sampling,t_choose_best,t_sampling_centroids,t_get_avg,t_permutation
11.222317050827009,7.815680645550201,-3.4066364052768074,177147,11,4,0,0.01,6,31.25,0.0,62.5,0.0,0.0,0.0,109.375,46.875
7.795361434124561,7.803553576476194,0.008192142351632903,177147,11,4,0,0.01,6,0.0,0.0,62.5,0.0,0.0,0.0,109.375,0.0
7.795246935153208,7.803639026804476,0.00839209165126853,177147,11,4,0,0.01,6,0.0,0.0,62.5,0.0,0.0,0.0,109.375,0.0
7.795224181055148,9.13824530783764,1.3430211267824914,177147,11,4,0,0.01,6,0.0,0.0,62.5,0.0,0.0,0.0,109.375,0.0
7.795210613191113,9.12030666941914,1.325096056228027,177147,11,4,0,0.01,6,0.0,0.0,62.5,0.0,0.0,0.0,109.375,0.0
7.795200215856787,9.002988290612699,1.2077880747559115,177147,11,4,0,0.01,6,0.0,0.0,62.5,0.0,0.0,0.0,109.375,0.0
7.795194315844385,9.023504002913713,1.228309687069328,177147,11,4,0,0.01,6,0.0,0.0,62.5,0.0,0.0,0.0,109.375,0.0
