L_slow,L_fast,L_diff,n,d,k,seed,subsample_size,steps,t_A,t_B,t_sketching,t_sampling,t_choose_best,t_sampling_centroids,t_get_avg,t_permutation
3.23237648456531e+36,2.4834017403278416e+35,-2.984036310532526e+36,732977,17,6,0,0.01,8,265.625,31.25,500.0,0.0,0.0,0.0,953.125,484.375
2.4815809060714077e+35,2.484951908660988e+35,3.371002589580279e+32,732977,17,6,0,0.01,8,0.0,31.25,500.0,0.0,0.0,0.0,890.625,0.0
2.4807819258939896e+35,2.5105174048475622e+35,2.9735478953572594e+33,732977,17,6,0,0.01,8,0.0,15.625,500.0,0.0,0.0,0.0,906.25,0.0
2.4800793718521782e+35,2.033373772671167e+35,-4.467055991810111e+34,732977,17,6,0,0.01,8,0.0,15.625,515.625,0.0,0.0,0.0,890.625,0.0
2.0309474567782043e+35,2.482068086595282e+35,4.511206298170778e+34,732977,17,6,0,0.01,8,0.0,15.625,531.25,0.0,0.0,0.0,875.0,0.0
2.030874093412374e+35,2.484907974218841e+35,4.540338808064669e+34,732977,17,6,0,0.01,8,0.0,31.25,515.625,0.0,0.0,0.0,890.625,0.0
2.030855588991747e+35,2.483691155598623e+35,4.528355666068759e+34,732977,17,6,0,0.01,8,0.0,15.625,515.625,0.0,0.0,0.0,890.625,0.0
2.0308529998254306e+35,2.038576669073929e+35,7.72366924849854e+32,732977,17,6,0,0.01,8,0.0,31.25,500.0,0.0,0.0,0.0,890.625,0.0
2.0308529920419026e+35,2.4868864423920224e+35,4.560334503501199e+34,732977,17,6,0,0.01,8,0.0,31.25,500.0,0.0,0.0,0.0,906.25,0.0
