,L_slow,L_fast,L_diff,n,d,k,seed,subsample_size,steps,L_opt
0,5.792553394350997,4.111691472824623,-1.6808619215263745,100000,3,6,0,0.01,4,3.113486845382017
1,4.339362716517204,4.111691472824623,-0.2276712436925816,100000,3,6,0,0.01,4,3.113486845382017
2,4.109891047391626,4.111691472824623,0.0018004254329966,100000,3,6,0,0.01,4,3.113486845382017
3,4.09595555857259,4.106855013023,0.0108994544504099,100000,3,6,0,0.01,4,3.113486845382017
4,4.093407005599163,4.106855013023,0.013448007423837,100000,3,6,0,0.01,4,3.113486845382017
