L_slow,L_fast,L_diff,n,d,k,seed,subsample_size,steps,t_A,t_B,t_sketching,t_sampling
5.099867172620521,5.046126953741297,-0.05374021887922442,10000000,8,6,0,0.01,1,2375.0,546.875,3359.375,203.125
5.045876472948022,5.048880729391944,0.003004256443921882,10000000,8,6,0,0.01,1,3140.625,562.5,3390.625,187.5
