L_slow,L_fast,L_diff,n,d,k,seed,subsample_size,steps
17.14654235765297,17.147710035194905,0.0011676775419360297,100000,3,3,0,0.01,4
17.134519735734013,17.14707995087459,0.012560215140577924,100000,3,3,0,0.01,4
17.13411278183303,17.14344986166215,0.009337079829119688,100000,3,3,0,0.01,4
17.13408932084375,17.136289758124384,0.0022004372806350148,100000,3,3,0,0.01,4
17.134086790174827,17.157166426706425,0.02307963653159817,100000,3,3,0,0.01,4
