L_slow,L_fast,L_diff,n,d,k,seed,subsample_size,steps,t_A,t_B,t_sketching,t_sampling
18.318500534353845,10.143778381172195,-8.17472215318165,10000000,2,3,0,0.01,1,671.875,109.375,796.875,187.5
10.143629106362667,10.143809408094533,0.00018030173186645015,10000000,2,3,0,0.01,1,718.75,109.375,812.5,187.5
