L_slow,L_fast,L_diff,n,d,k,seed,subsample_size,steps
881322622.0045222,98696291.77791241,-782626330.2266098,111753,9,4,0,0.01,1
98604770.84582579,98628959.36676912,24188.52094332874,111753,9,4,0,0.01,1
