L_slow,L_fast,L_diff,n,d,k,seed,subsample_size,steps,t_A,t_B,t_sketching,t_sampling
6.63440432609887,6.684286435546063,0.049882109447193734,100000,8,9,0,0.01,1,31.25,15.625,31.25,0.0
6.6300179841252636,6.6411064689416435,0.011088484816379918,100000,8,9,0,0.01,1,31.25,15.625,46.875,0.0
