L_slow_list,L_fast_list,L_diff_list
3.7141758168937162,2.257479827153658,-1.4566959897400582
2.2773850112549607,2.257479827153658,-0.01990518410130271
2.2497935813988548,2.257479827153658,0.007686245754803256
2.249792925633693,2.257479827153658,0.007686901519964984
2.249792925633693,2.257479827153658,0.007686901519964984
