L_slow,L_fast,L_diff,n,d,k,seed,subsample_size,steps
17.19033290161642,17.19909677172385,0.008763870107429739,732977,17,3,0,0.01,1
17.19033290161642,17.196384359832606,0.0060514582161879105,732977,17,3,0,0.01,1
