L_slow,L_fast,L_diff,n,d,k,seed,subsample_size,steps
113.54239469953194,61.32878172718846,-52.213612972343476,732977,17,5,0,0.01,5
61.288523594249064,50.55887129551882,-10.729652298730244,732977,17,5,0,0.01,5
50.54856564836224,,,732977,17,5,0,0.01,5
50.548486302829374,14.178918599063918,-36.369567703765455,732977,17,5,0,0.01,5
14.170737911691637,14.177734097412415,0.006996185720778314,732977,17,5,0,0.01,5
14.170737911691637,14.179590762412369,0.008852850720732164,732977,17,5,0,0.01,5
