L_slow,L_fast,L_diff,n,d,k,seed,subsample_size,steps
39.885008869407805,,,241600,18,4,0,0.01,2
16.972072575395348,16.994662402795598,0.022589827400249618,241600,18,4,0,0.01,2
16.972072575395348,17.00042036453237,0.028347789137022517,241600,18,4,0,0.01,2
