L_slow,L_fast,L_diff,n,d,k,seed,subsample_size,steps,t_A,t_B,t_sketching,t_sampling
4.970827539730767,4.92505841937686,-0.045769120353906345,10000000,5,6,0,0.01,1,2359.375,328.125,2515.625,171.875
4.924812137864882,4.930724923602617,0.005912785737734794,10000000,5,6,0,0.01,1,2125.0,312.5,2500.0,203.125
