L_slow,L_fast,L_diff,n,d,k,seed,subsample_size,steps
28.152265925000066,12.751811260316119,-15.400454664683947,22784,9,4,0,0.01,2
12.55442751740379,12.87235931982645,0.3179318024226596,22784,9,4,0,0.01,2
12.55442751740379,12.98674750984753,0.4323199924437411,22784,9,4,0,0.01,2
