L_slow,L_fast,L_diff,n,d,k,seed,subsample_size,steps
28.349336360475963,7.426269926845915,-20.923066433630048,581835,10,4,0,0.01,2
7.419061610221828,7.425622471915126,0.006560861693298392,581835,10,4,0,0.01,2
7.419061610221828,7.423512779464784,0.004451169242956077,581835,10,4,0,0.01,2
