L_slow,L_fast,L_diff,n,d,k,seed,subsample_size,steps,t_A,t_B,t_sketching,t_sampling
191987.76807350476,127219.00117110876,-64768.766902396004,89640,5,5,0,0.01,4,0.0,15.625,15.625,0.0
126249.90504625977,125531.08657315976,-718.8184731000074,89640,5,5,0,0.01,4,15.625,0.0,31.25,0.0
125267.10220706536,125377.19153635777,110.08932929241564,89640,5,5,0,0.01,4,15.625,0.0,15.625,0.0
125120.54058109035,125312.82467666398,192.28409557363193,89640,5,5,0,0.01,4,15.625,0.0,31.25,0.0
124999.09693033807,125262.56552334581,263.4685930077394,89640,5,5,0,0.01,4,15.625,0.0,15.625,0.0
