L_slow,L_fast,L_diff,n,d,k,seed,subsample_size,steps
4.090908091646964,3.341040576619961,-0.7498675150270024,100000,3,4,0,0.01,4
3.3314044304561317,3.337141525339856,0.005737094883724314,100000,3,4,0,0.01,4
3.3309804318913177,3.3328361817205123,0.001855749829194675,100000,3,4,0,0.01,4
3.33093684664042,3.3352585500294376,0.004321703389017717,100000,3,4,0,0.01,4
3.330933695885016,3.340444999873835,0.009511303988818831,100000,3,4,0,0.01,4
