L_slow,L_fast,L_diff,n,d,k,seed,subsample_size,steps
6.656947081854561,5.63200331794177,-1.0249437639127912,10692,8,3,0,0.01,2
5.482718587483536,,,10692,8,3,0,0.01,2
5.482718587483536,5.644502303528753,0.16178371604521757,10692,8,3,0,0.01,2
