L_slow,L_fast,L_diff,n,d,k,seed,subsample_size,steps
9.110017251042471,9.14601737442385,0.03600012338137937,110527,8,4,0,0.01,1
9.110017251042471,9.158806523553016,0.04878927251054499,110527,8,4,0,0.01,1
