L_slow,L_fast,L_diff,n,d,k,seed,subsample_size,steps,t_A,t_B,t_sketching,t_sampling
305.95971782411334,296.23526462677927,-9.724453197334071,59049,10,3,0,0.01,2,0.0,0.0,31.25,0.0
294.9993846897244,295.21160164563935,0.21221695591492562,59049,10,3,0,0.01,2,15.625,0.0,31.25,0.0
294.7548683943714,294.9332228070051,0.1783544126337233,59049,10,3,0,0.01,2,15.625,0.0,31.25,0.0
