L_slow,L_fast,L_diff,n,d,k,seed,subsample_size,steps
11.01960583493972,5.488601450866081,-5.531004384073638,110527,8,3,0,0.01,2
5.477195223838125,5.494526640122968,0.01733141628484347,110527,8,3,0,0.01,2
5.477195223838125,5.496484907106808,0.019289683268683078,110527,8,3,0,0.01,2
