L_slow,L_fast,L_diff,n,d,k,seed,subsample_size,steps,t_A,t_B,t_sketching,t_sampling
36.69294136275298,36.71526248289137,0.022321120138386163,100000,5,3,0,0.01,2,15.625,0.0,15.625,15.625
36.64935682409012,36.66729105722408,0.017934233133956923,100000,5,3,0,0.01,2,15.625,0.0,15.625,15.625
36.649324884096366,36.66798268901506,0.018657804918696286,100000,5,3,0,0.01,2,15.625,0.0,15.625,0.0
