L_slow,L_fast,L_diff,n,d,k,seed,subsample_size,steps
10.211782870941523,4.888796960690354,-5.322985910251169,10000,4,3,0,0.01,5
6.170916891625071,4.888796960690354,-1.2821199309347167,10000,4,3,0,0.01,5
4.7403427217451215,4.888796960690354,0.14845423894523258,10000,4,3,0,0.01,5
4.737730471944584,4.888796960690354,0.15106648874577022,10000,4,3,0,0.01,5
4.737720892916749,4.888796960690354,0.15107606777360516,10000,4,3,0,0.01,5
4.737720892916749,4.888796960690354,0.15107606777360516,10000,4,3,0,0.01,5
