L_slow,L_fast,L_diff,n,d,k,seed,subsample_size,steps
11.01960583493972,5.490896217429903,-5.528709617509817,110527,8,3,0,0.01,2
5.477195249319044,5.490896217429903,0.01370096811085908,110527,8,3,0,0.01,2
5.477195223838125,5.490896217429903,0.013700993591777788,110527,8,3,0,0.01,2
