L_slow,L_fast,L_diff,n,d,k,seed,subsample_size,steps
18.725797731384006,5.622924463634473,-13.102873267749533,215443,5,3,0,0.01,3
10.422874269562389,5.622924463634473,-4.799949805927915,215443,5,3,0,0.01,3
5.618353599894436,5.622924463634473,0.004570863740037012,215443,5,3,0,0.01,3
5.615795654349308,5.622924463634473,0.007128809285164905,215443,5,3,0,0.01,3
