L_slow,L_fast,L_diff,n,d,k,seed,subsample_size,steps,t_A,t_B,t_sketching,t_sampling
7.958498168351322,5.356331824594429,-2.6021663437568927,100000,5,9,0,0.01,2,15.625,0.0,31.25,0.0
5.324650796528593,5.3452632853849815,0.02061248885638811,100000,5,9,0,0.01,2,46.875,15.625,15.625,0.0
5.324054586820644,5.333152516686317,0.009097929865673038,100000,5,9,0,0.01,2,31.25,0.0,15.625,0.0
