L_slow,L_fast,L_diff,n,d,k,seed,subsample_size,steps
82549.04798291427,12772.236241816492,-69776.81174109777,241600,15,5,0,0.01,7
12709.956252954782,10106.455752332899,-2603.5005006218835,241600,15,5,0,0.01,7
10053.728417219661,10344.71999536509,290.99157814542923,241600,15,5,0,0.01,7
10052.131869602805,10229.401245622936,177.26937602013095,241600,15,5,0,0.01,7
10051.888640197973,10989.592330001162,937.7036898031893,241600,15,5,0,0.01,7
10051.819384896395,10454.415433129132,402.5960482327373,241600,15,5,0,0.01,7
10051.78444689532,10249.609288145084,197.82484124976327,241600,15,5,0,0.01,7
10051.775214773188,10061.180408736367,9.405193963179045,241600,15,5,0,0.01,7
