L_slow,L_fast,L_diff,n,d,k,seed,subsample_size,steps,t_A,t_B,t_sketching,t_sampling
1364426713.6156967,471147959.6003125,-893278754.0153842,1664500,12,5,0,0.01,3,406.25,31.25,875.0,46.875
470730484.017564,468977354.6935026,-1753129.3240613937,1664500,12,5,0,0.01,3,625.0,46.875,828.125,31.25
467364455.9622382,468099188.88310516,734732.9208669662,1664500,12,5,0,0.01,3,671.875,46.875,828.125,31.25
466901761.2110504,467481288.76563215,579527.5545817614,1664500,12,5,0,0.01,3,750.0,62.5,765.625,31.25
