,L_slow,L_fast,L_diff,n,d,k,seed,subsample_size,steps,L_opt
0,5.881375155764953,4.194351141060711,-1.6870240147042423,100000,3,5,0,0.01,4,3.3225575731834462
1,4.426058885677103,4.194351141060711,-0.2317077446163917,100000,3,5,0,0.01,4,3.3225575731834462
2,4.196449577847242,4.194450282576777,-0.0019992952704654,100000,3,5,0,0.01,4,3.3225575731834462
3,4.181754236586666,4.194351141060711,0.0125969044740452,100000,3,5,0,0.01,4,3.3225575731834462
4,4.1788891088848885,4.194351141060711,0.0154620321758223,100000,3,5,0,0.01,4,3.3225575731834462
