L_slow,L_fast,L_diff,n,d,k,seed,subsample_size,steps,t_A,t_B,t_sketching,t_sampling
8.070636703043975,8.070743819246026,0.00010711620205050565,40768,11,4,0,0.01,2,0.0,0.0,0.0,0.0
8.00319606644957,8.043570274861317,0.04037420841174644,40768,11,4,0,0.01,2,15.625,0.0,15.625,0.0
7.99678573947169,8.017373880006431,0.02058814053474123,40768,11,4,0,0.01,2,15.625,0.0,15.625,0.0
