L_slow,L_fast,L_diff,n,d,k,seed,subsample_size,steps,t_A,t_B,t_sketching,t_sampling
633092.7038367168,588247.1480873114,-44845.55574940541,12455,13,5,0,0.01,6,0.0,0.0,15.625,0.0
582215.9741945537,588237.5593392564,6021.585144702694,12455,13,5,0,0.01,6,0.0,0.0,15.625,0.0
580229.1878195053,569659.3807527602,-10569.807066745125,12455,13,5,0,0.01,6,0.0,0.0,0.0,0.0
551156.6388957541,558864.6150131604,7707.976117406273,12455,13,5,0,0.01,6,0.0,0.0,15.625,0.0
548649.4397215595,550881.6446115572,2232.2048899977235,12455,13,5,0,0.01,6,0.0,0.0,15.625,0.0
547785.1883885624,552071.9737730075,4286.785384445102,12455,13,5,0,0.01,6,0.0,0.0,15.625,0.0
547497.5776942159,552134.4769049616,4636.899210745702,12455,13,5,0,0.01,6,0.0,0.0,15.625,0.0
