L_slow,L_fast,L_diff,n,d,k,seed,subsample_size,steps
39.56067997057806,13.956731066771392,-25.603948903806668,10738,15,3,0,0.01,2
13.623949904333276,81.0501642343184,67.42621432998513,10738,15,3,0,0.01,2
13.623949904333276,14.092554848925236,0.46860494459195934,10738,15,3,0,0.01,2
