L_slow,L_fast,L_diff,n,d,k,seed,subsample_size,steps
38.95778710687032,38.90522824886637,-0.05255885800394822,111753,9,4,0,0.01,3
38.835697954088936,12.635075698016308,-26.200622256072627,111753,9,4,0,0.01,3
12.587440512355583,,,111753,9,4,0,0.01,3
12.587440512355583,12.621189393997446,0.03374888164186274,111753,9,4,0,0.01,3
