L_slow,L_fast,L_diff,n,d,k,seed,subsample_size,steps
39.56067997057806,13.956731066771392,-25.603948903806668,10738,15,3,0,0.01,2
13.623949904333276,14.042130364496547,0.4181804601632706,10738,15,3,0,0.01,2
13.623949904333276,14.097600855424846,0.4736509510915692,10738,15,3,0,0.01,2
