L_slow,L_fast,L_diff,n,d,k,seed,subsample_size,steps
72.05515332536926,13.213318699354591,-58.84183462601467,241600,18,3,0,0.01,2
13.196540975410656,13.21585775670151,0.019316781290854124,241600,18,3,0,0.01,2
13.196540975410656,13.212614354707732,0.016073379297075974,241600,18,3,0,0.01,2
