L_slow,L_fast,L_diff,n,d,k,seed,subsample_size,steps
13.060740811043132,13.110446397281494,0.04970558623836219,40768,11,3,0,0.01,1
13.060740811043132,13.110446397281494,0.04970558623836219,40768,11,3,0,0.01,1
