L_slow,L_fast,L_diff,n,d,k,seed,subsample_size,steps
31.83157326244346,,,138509,14,3,0,0.01,2
16.232336271043728,16.26328489596961,0.030948624925880353,138509,14,3,0,0.01,2
16.232336271043728,54.44343439356419,38.21109812252046,138509,14,3,0,0.01,2
