L_slow,L_fast,L_diff,n,d,k,seed,subsample_size
917897.1518293505,24284.611683484756,-893612.5401458658,104820,7,5,0,0.01
759268.0404803676,24284.611683484756,-734983.4287968829,104820,7,5,0,0.01
24705.945128538755,24284.611683484756,-421.33344505399873,104820,7,5,0,0.01
20682.279587777382,24284.611683484756,3602.332095707374,104820,7,5,0,0.01
19428.74762174387,24284.611683484756,4855.8640617408855,104820,7,5,0,0.01
19209.71998444726,24284.611683484756,5074.891699037496,104820,7,5,0,0.01
19296.969583605543,24284.611683484756,4987.642099879213,104820,7,5,0,0.01
19296.969583605543,24284.611683484756,4987.642099879213,104820,7,5,0,0.01
