L_slow,L_fast,L_diff,n,d,k,seed,subsample_size,steps
692.3529211266134,484.1920892899588,-208.1608318366546,531441,12,4,0,0.01,5
483.96398900618027,484.39750103425723,0.43351202807696154,531441,12,4,0,0.01,5
483.9598349785802,484.7597309339212,0.7998959553410145,531441,12,4,0,0.01,5
483.9589113757131,485.72150745788343,1.7625960821703188,531441,12,4,0,0.01,5
483.9584049278687,484.33752392949043,0.3791190016217456,531441,12,4,0,0.01,5
483.95807263414576,484.1288304783241,0.17075784417835393,531441,12,4,0,0.01,5
