L_slow,L_fast,L_diff,n,d,k,seed,subsample_size,steps,t_A,t_B,t_sketching,t_sampling
15.98653252757674,15.342575587963447,-0.6439569396132931,20867,12,4,0,0.01,2,0.0,0.0,15.625,0.0
15.154350206001034,15.30027752187831,0.1459273158772767,20867,12,4,0,0.01,2,15.625,0.0,15.625,0.0
15.143390599404462,15.178940536970083,0.03554993756562119,20867,12,4,0,0.01,2,0.0,0.0,15.625,0.0
