L_slow,L_fast,L_diff,n,d,k,seed,subsample_size,steps,t_A,t_B,t_sketching,t_sampling
33.3252396875811,27.761250433123777,-5.563989254457326,1000000,8,9,0,0.01,1,359.375,62.5,359.375,15.625
27.75388486119604,27.756719257685962,0.002834396489923563,1000000,8,9,0,0.01,1,390.625,46.875,421.875,15.625
