L_slow,L_fast,L_diff,n,d,k,seed,subsample_size,steps
5.623881826500706,5.624697710120606,0.0008158836199001485,1000000,5,3,0,0.01,2
5.623537097557966,5.624697710120606,0.0011606125626402175,1000000,5,3,0,0.01,2
5.62353706926283,5.624697710120606,0.0011606408577762295,1000000,5,3,0,0.01,2
