L_slow,L_fast,L_diff,n,d,k,seed,subsample_size,steps,t_A,t_B,t_sketching,t_sampling
45.25023550072343,37.519647086170025,-7.730588414553402,1000000,5,3,0,0.01,1,109.375,31.25,187.5,31.25
37.50827206713605,37.513245592726925,0.004973525590877159,1000000,5,3,0,0.01,1,140.625,31.25,156.25,15.625
