L_slow_list,L_fast_list,L_diff_list
1.9244805573290595,1.9289504266349227,0.004469869305863128
1.9234097939253139,1.9289504266349227,0.005540632709608806
1.9233778072655017,1.9289504266349227,0.005572619369420995
1.9233631083869458,1.9289504266349227,0.005587318247976869
1.9233606051724736,1.9289504266349227,0.005589821462449018
1.9233606051724736,1.9289504266349227,0.005589821462449018
