L_slow,L_fast,L_diff,n,d,k,seed,subsample_size,steps,t_A,t_B,t_sketching,t_sampling
31.71091344407961,21.70054891351106,-10.010364530568548,10000000,5,3,0,0.01,1,1140.625,359.375,1890.625,187.5
21.700267339878398,21.700497218381063,0.00022987850266531495,10000000,5,3,0,0.01,1,1484.375,343.75,1828.125,187.5
