L_slow,L_fast,L_diff,n,d,k,seed,subsample_size,steps,t_A,t_B,t_sketching,t_sampling
17.69971653243325,9.705582341291258,-7.994134191141992,10738,15,3,0,0.01,2,0.0,0.0,15.625,0.0
9.65205590484102,9.976954536298019,0.32489863145699793,10738,15,3,0,0.01,2,15.625,0.0,15.625,0.0
9.651384857291966,9.912759660783811,0.2613748034918455,10738,15,3,0,0.01,2,0.0,0.0,15.625,0.0
