L_slow,L_fast,L_diff,n,d,k,seed,subsample_size,steps,t_A,t_B,t_sketching,t_sampling
16.1045713815416,16.11788910642827,0.013317724886668714,20867,12,3,0,0.01,3,0.0,0.0,15.625,0.0
15.97600940656165,16.08435540393993,0.10834599737828121,20867,12,3,0,0.01,3,0.0,0.0,15.625,0.0
15.935159022769552,15.977849370142875,0.042690347373323334,20867,12,3,0,0.01,3,0.0,0.0,15.625,0.0
15.921174407258423,15.967167571537713,0.0459931642792899,20867,12,3,0,0.01,3,15.625,0.0,15.625,0.0
