L_slow,L_fast,L_diff,n,d,k,seed,subsample_size,steps
310944205.6948538,98272770.15160677,-212671435.543247,111753,9,5,0,0.01,1
98165472.47116022,98240652.15511592,75179.6839556992,111753,9,5,0,0.01,1
