L_slow,L_fast,L_diff,n,d,k,seed,subsample_size,steps,t_A,t_B,t_sketching,t_sampling
255294.52927786746,244110.7753798595,-11183.75389800797,89640,5,3,0,0.01,2,0.0,0.0,15.625,15.625
243596.10029150874,243794.81106806887,198.71077656012494,89640,5,3,0,0.01,2,0.0,0.0,15.625,0.0
243547.85929658636,243725.7519707898,177.89267420343822,89640,5,3,0,0.01,2,15.625,0.0,31.25,0.0
