L_slow,L_fast,L_diff,n,d,k,seed,subsample_size,steps
11.443424398452551,11.472344309900432,0.028919911447880864,138509,14,4,0,0.01,1
11.443424398452551,11.472008871175824,0.02858447272327247,138509,14,4,0,0.01,1
