L_slow_list,L_fast_list,L_diff_list
2.252050163391434,2.2522153314115614,0.0001651680201275596
2.251983810060192,2.2522153314115614,0.00023152135136950136
2.2519838151994325,2.2522153314115614,0.0002315162121289127
2.2519838151994325,2.2522153314115614,0.0002315162121289127
