L_slow,L_fast,L_diff,n,d,k,seed,subsample_size,steps
4.5176304578143265,4.535561526234278,0.0179310684199514,46415,3,3,0,0.01,3
4.513004654862819,4.535561526234278,0.02255687137145923,46415,3,3,0,0.01,3
4.512977599883745,4.535561526234278,0.02258392635053319,46415,3,3,0,0.01,3
4.512974456348004,4.535561526234278,0.022587069886274236,46415,3,3,0,0.01,3
