L_slow,L_fast,L_diff,n,d,k,seed,subsample_size,steps
881322622.0045222,98696291.77791241,-782626330.2266098,111753,9,4,0,0.01,2
98608632.27560769,98696291.77791241,87659.5023047179,111753,9,4,0,0.01,2
98604770.84582579,98696291.77791241,91520.93208661675,111753,9,4,0,0.01,2
