L_slow,L_fast,L_diff,n,d,k,seed,subsample_size,steps
8.0318139654487,7.203213262618725,-0.8286007028299753,177147,11,5,0,0.01,5
7.180620508948598,7.204310197283034,0.023689688334435743,177147,11,5,0,0.01,5
7.179980724684494,7.202256331295933,0.022275606611438903,177147,11,5,0,0.01,5
7.179891254108587,7.2084108761595935,0.028519622051006444,177147,11,5,0,0.01,5
7.1798730538155935,7.20106453399903,0.021191480183436084,177147,11,5,0,0.01,5
7.17986814117353,7.198758533953105,0.018890392779574938,177147,11,5,0,0.01,5
