L_slow,L_fast,L_diff,n,d,k,seed,subsample_size,steps
56.45809004519161,,,20867,12,4,0,0.01,4
56.203131782612665,67.19479872025303,10.991666937640368,20867,12,4,0,0.01,4
56.17954568032154,10.67270476861367,-45.50684091170787,20867,12,4,0,0.01,4
10.530279014618653,,,20867,12,4,0,0.01,4
10.530279014618653,10.825909883529546,0.29563086891089263,20867,12,4,0,0.01,4
