L_slow,L_fast,L_diff,n,d,k,seed,subsample_size,steps,t_A,t_B,t_sketching,t_sampling
14.537606094340315,13.47312251078641,-1.0644835835539048,10000000,5,6,0,0.01,1,2078.125,281.25,2250.0,187.5
13.472684597500534,13.47301581584102,0.0003312183404862168,10000000,5,6,0,0.01,1,2046.875,281.25,2250.0,187.5
