L_slow,L_fast,L_diff,n,d,k,seed,subsample_size,steps
51.14773631635979,8.835127754322658,-42.312608562037134,111753,9,5,0,0.01,2
8.789515982505248,8.824436806594791,0.03492082408954289,111753,9,5,0,0.01,2
8.789515982505248,30.00498258541207,21.215466602906822,111753,9,5,0,0.01,2
