,L_slow,L_fast,L_diff,n,d,k,seed,subsample_size,steps,L_opt
0,5.562192334793938,4.525536595717988,-1.0366557390759503,215443,3,3,0,0.01,3,4.518940775353801
1,4.589609247627898,4.525536595717988,-0.0640726519099104,215443,3,3,0,0.01,3,4.518940775353801
2,4.5225421738201135,4.525536595717988,0.0029944218978741,215443,3,3,0,0.01,3,4.518940775353801
3,4.519116361011739,4.525536595717988,0.0064202347062485,215443,3,3,0,0.01,3,4.518940775353801
