L_slow,L_fast,L_diff,n,d,k,seed,subsample_size,steps
38.071333566579185,17.370894492032203,-20.70043907454698,22784,17,3,0,0.01,2
17.18319130794481,17.380550814655585,0.19735950671077518,22784,17,3,0,0.01,2
17.18319130794481,17.364400052638686,0.18120874469387616,22784,17,3,0,0.01,2
