L_slow,L_fast,L_diff,n,d,k,seed,subsample_size,steps,t_A,t_B,t_sketching,t_sampling
49.909430432825566,48.522893569656816,-1.3865368631687502,1000000,8,3,0,0.01,1,125.0,46.875,250.0,15.625
48.50905543256204,48.51330465510989,0.004249222547848319,1000000,8,3,0,0.01,1,234.375,46.875,265.625,15.625
