L_slow,L_fast,L_diff,n,d,k,seed,subsample_size,steps,t_A,t_B,t_sketching,t_sampling
62.713561684349244,59.899595161641805,-2.813966522707439,1025010,11,3,0,0.01,1,93.75,46.875,296.875,15.625
59.867544062507065,59.86083020452348,-0.006713857983584148,1025010,11,3,0,0.01,1,203.125,62.5,328.125,15.625
