L_slow,L_fast,L_diff,n,d,k,seed,subsample_size
10347.373744859507,5337.574559415288,-5009.79918544422,111753,9,3,0,0.01
5221.008413843756,5337.574559415288,116.5661455715317,111753,9,3,0,0.01
5221.008413843756,5337.574559415288,116.5661455715317,111753,9,3,0,0.01
