,L_slow,L_fast,L_diff,n,d,k,seed,subsample_size,steps,L_opt
0,7.897766857509402,7.894136527326647,-0.0036303301827551,100000,3,4,0,0.01,2,4.2991733454223935
1,7.885635552825715,7.894136527326647,0.0085009745009321,100000,3,4,0,0.01,2,4.2991733454223935
2,7.881621900237381,7.894136527326647,0.0125146270892662,100000,3,4,0,0.01,2,4.2991733454223935
