L_slow,L_fast,L_diff,n,d,k,seed,subsample_size,steps
4.997061395149103,5.00001560790251,0.002954212753406793,761940,6,4,0,0.01,2
4.99667492040197,4.999204127409761,0.0025292070077904683,761940,6,4,0,0.01,2
4.996674919190667,4.998437577077354,0.0017626578866867249,761940,6,4,0,0.01,2
