L_slow,L_fast,L_diff,n,d,k,seed,subsample_size,steps
113.54239469953194,113.46286477412315,-0.07952992540879222,732977,17,5,0,0.01,2
113.45465717462777,113.48654713779509,0.03188996316731618,732977,17,5,0,0.01,2
113.45460028523374,113.46706298064741,0.012462695413674396,732977,17,5,0,0.01,2
