L_slow,L_fast,L_diff,n,d,k,seed,subsample_size,steps
12.840282228882236,5.747173991454155,-7.093108237428081,10000,5,3,0,0.01,2
5.629542196820929,5.696516261387634,0.06697406456670496,10000,5,3,0,0.01,2
5.629538931083491,5.686907380097047,0.057368449013555534,10000,5,3,0,0.01,2
