L_slow,L_fast,L_diff,n,d,k,seed,subsample_size,steps
4.997061395149103,4.998353744911292,0.001292349762188394,761940,6,4,0,0.01,2
4.99667492040197,4.998353744911292,0.0016788245093213305,761940,6,4,0,0.01,2
4.996674919190667,4.998353744911292,0.0016788257206243884,761940,6,4,0,0.01,2
