L_slow,L_fast,L_diff,n,d,k,seed,subsample_size,steps,t_A,t_B,t_sketching,t_sampling
2.3855012215037337,1.866744563185097,-0.5187566583186367,10000000,2,6,0,0.01,1,1281.25,93.75,1125.0,187.5
1.86661509855303,1.8666568148584544,4.171630542426641e-05,10000000,2,6,0,0.01,1,1031.25,109.375,1171.875,203.125
