L_slow,L_fast,L_diff,n,d,k,seed,subsample_size,steps
62.71803118270102,63.05386007095019,0.3358288882491749,20867,12,3,0,0.01,3
62.71267001639766,17.907478589641006,-44.80519142675665,20867,12,3,0,0.01,3
17.736894346165386,63.481524975861575,45.74463062969619,20867,12,3,0,0.01,3
17.736894346165386,17.94860872805538,0.21171438188999403,20867,12,3,0,0.01,3
