L_slow,L_fast,L_diff,n,d,k,seed,subsample_size,steps
15.830616203735751,4.7324181210246605,-11.09819808271109,46415,4,3,0,0.01,6
14.861652027125121,4.7324181210246605,-10.12923390610046,46415,4,3,0,0.01,6
10.923649799943856,4.7324181210246605,-6.191231678919196,46415,4,3,0,0.01,6
5.122683960653015,4.7324181210246605,-0.3902658396283547,46415,4,3,0,0.01,6
4.724604017951097,4.7324181210246605,0.007814103073563672,46415,4,3,0,0.01,6
4.724397450030464,4.7324181210246605,0.008020670994196344,46415,4,3,0,0.01,6
4.724397405875097,4.7324181210246605,0.008020715149563706,46415,4,3,0,0.01,6
