L_slow,L_fast,L_diff,n,d,k,seed,subsample_size,steps,t_A,t_B,t_sketching,t_sampling
76.18543797637047,76.19431737746727,0.00887940109680585,100000,8,3,0,0.01,2,46.875,0.0,31.25,0.0
76.02502222657743,76.15409620808302,0.12907398150558436,100000,8,3,0,0.01,2,31.25,0.0,31.25,15.625
76.02502222657743,76.05191704142324,0.026894814845803694,100000,8,3,0,0.01,2,15.625,0.0,31.25,0.0
