L_slow,L_fast,L_diff,n,d,k,seed,subsample_size,steps
4.654693218585884,4.4815403791221655,-0.17315283946371807,100000,3,3,0,0.01,4
4.476191530958003,4.480465836824432,0.00427430586642874,100000,3,3,0,0.01,4
4.476110884322356,4.477193410622621,0.0010825263002649521,100000,3,3,0,0.01,4
4.476097125980998,4.478971762214596,0.002874636233597627,100000,3,3,0,0.01,4
4.476094724064939,4.487188325479568,0.011093601414629006,100000,3,3,0,0.01,4
