L_slow,L_fast,L_diff,n,d,k,seed,subsample_size,steps
4.997061395149103,5.00001560790251,0.002954212753406793,761940,6,4,0,0.01,2
4.99667492040197,4.998446472573125,0.0017715521711547666,761940,6,4,0,0.01,2
4.996674919190667,4.998631898994507,0.001956979803839687,761940,6,4,0,0.01,2
