L_slow,L_fast,L_diff,n,d,k,seed,subsample_size,steps,t_A,t_B,t_sketching,t_sampling
0.08135755147788526,0.07319172096356272,-0.008165830514322542,10081,7,4,0,0.01,5,0.0,0.0,15.625,0.0
0.06893362896097115,0.06984925628890401,0.0009156273279328636,10081,7,4,0,0.01,5,0.0,0.0,15.625,0.0
0.06798790153163355,0.06959000738473506,0.0016021058531015125,10081,7,4,0,0.01,5,0.0,0.0,15.625,0.0
0.0675843576425109,0.06944033951406044,0.0018559818715495335,10081,7,4,0,0.01,5,0.0,0.0,15.625,0.0
0.06751054352223665,0.06807871799137094,0.0005681744691342916,10081,7,4,0,0.01,5,0.0,0.0,15.625,0.0
0.06750703469408594,0.06826862688016609,0.0007615921860801567,10081,7,4,0,0.01,5,0.0,0.0,15.625,0.0
