L_slow,L_fast,L_diff,n,d,k,seed,subsample_size,steps
9.890660360793568,5.620993825229929,-4.269666535563639,215443,5,3,0,0.01,2
5.615795654647305,5.619781686237728,0.003986031590422989,215443,5,3,0,0.01,2
5.615795654647305,5.617652877303241,0.0018572226559365745,215443,5,3,0,0.01,2
