L_slow,L_fast,L_diff,n,d,k,seed,subsample_size,steps,t_A,t_B,t_sketching,t_sampling
38.63374466908914,38.61935945720906,-0.014385211880082238,100000,8,6,0,0.01,2,0.0,0.0,31.25,0.0
38.527740852331256,38.55938065940675,0.031639807075492854,100000,8,6,0,0.01,2,31.25,0.0,31.25,0.0
38.527740852331256,38.553423158863325,0.02568230653206882,100000,8,6,0,0.01,2,15.625,0.0,31.25,0.0
