L_slow,L_fast,L_diff,n,d,k,seed,subsample_size,steps
5.384184943722077,4.553028734890697,-0.8311562088313798,100000,3,3,0,0.01,4
4.536369629121555,4.545257405752695,0.008887776631139488,100000,3,3,0,0.01,4
4.536206380636373,4.53865694011482,0.0024505594784471896,100000,3,3,0,0.01,4
4.536201078601987,4.538743827386234,0.0025427487842470953,100000,3,3,0,0.01,4
4.536200572332985,4.545233790885015,0.00903321855203032,100000,3,3,0,0.01,4
