L_slow,L_fast,L_diff,n,d,k,seed,subsample_size,steps,t_A,t_B,t_sketching,t_sampling
19.18332347547773,10.143433350789342,-9.03989012468839,1000000,2,3,0,0.01,1,62.5,15.625,62.5,15.625
10.140977755174346,10.141947731021835,0.0009699758474894793,1000000,2,3,0,0.01,1,78.125,0.0,78.125,15.625
