L_slow,L_fast,L_diff,n,d,k,seed,subsample_size
924949.3554285659,94181.10189370462,-830768.2535348613,104820,7,3,0,0.01
817121.8729093996,94181.10189370462,-722940.771015695,104820,7,3,0,0.01
87511.15760960549,94181.10189370462,6669.944284099125,104820,7,3,0,0.01
85352.9165666247,94181.10189370462,8828.185327079918,104820,7,3,0,0.01
84691.92849281039,94181.10189370462,9489.17340089423,104820,7,3,0,0.01
84704.23171136175,94181.10189370462,9476.870182342871,104820,7,3,0,0.01
84704.23171136175,94181.10189370462,9476.870182342871,104820,7,3,0,0.01
