L_slow,L_fast,L_diff,n,d,k,seed,subsample_size,steps
19.29280616991711,14.10101185316795,-5.19179431674916,59049,10,3,0,0.01,2
14.012374905037287,14.09579622876216,0.08342132372487221,59049,10,3,0,0.01,2
14.012374905037287,14.090829576692519,0.07845467165523168,59049,10,3,0,0.01,2
