L_slow,L_fast,L_diff,n,d,k,seed,subsample_size,steps,t_A,t_B,t_sketching,t_sampling
682115.7067733357,645065.3982536447,-37050.308519690996,12455,13,4,0,0.01,6,0.0,0.0,15.625,0.0
638091.3478107036,643258.778684654,5167.430873950478,12455,13,4,0,0.01,6,15.625,0.0,46.875,0.0
636768.3232745302,619868.4108528778,-16899.912421652465,12455,13,4,0,0.01,6,0.0,0.0,15.625,0.0
601026.4441323869,592558.6089283642,-8467.835204022704,12455,13,4,0,0.01,6,0.0,0.0,15.625,0.0
575919.3530758013,581525.1704278612,5605.817352059879,12455,13,4,0,0.01,6,0.0,0.0,15.625,0.0
574289.2495411177,579811.1121900218,5521.862648904091,12455,13,4,0,0.01,6,15.625,0.0,15.625,0.0
573814.0404640211,579906.3309275608,6092.290463539655,12455,13,4,0,0.01,6,15.625,0.0,15.625,0.0
