L_slow_list,L_fast_list,L_diff_list,n,d,k,seed,subsample_size
2.501529107650856,2.5132317576796988,0.011702650028842854,100000,3,3,0,0.01
2.502694055748863,2.5132317576796988,0.010537701930835919,100000,3,3,0,0.01
2.503004109455524,2.5132317576796988,0.010227648224174768,100000,3,3,0,0.01
2.5030595095656065,2.5132317576796988,0.01017224811409223,100000,3,3,0,0.01
2.5030694214990596,2.5132317576796988,0.010162336180639109,100000,3,3,0,0.01
2.503072892384062,2.5132317576796988,0.010158865295636588,100000,3,3,0,0.01
2.503072892384062,2.5132317576796988,0.010158865295636588,100000,3,3,0,0.01
