L_slow,L_fast,L_diff,n,d,k,seed,subsample_size,steps,t_A,t_B,t_sketching,t_sampling
5.4821745061472305,5.48233373932124,0.00015923317400989845,10000000,8,3,0,0.01,1,1218.75,562.5,2625.0,187.5
5.4821745061472305,5.482200481283175,2.597513594437828e-05,10000000,8,3,0,0.01,1,2250.0,546.875,2625.0,187.5
