L_slow,L_fast,L_diff,n,d,k,seed,subsample_size,steps,t_A,t_B,t_sketching,t_sampling
274.99160692019217,257.7160877341989,-17.27551918599329,59049,10,4,0,0.01,2,0.0,0.0,46.875,0.0
255.7275021697158,256.50179624579437,0.7742940760785757,59049,10,4,0,0.01,2,15.625,0.0,31.25,0.0
255.5328484256885,255.99928872959353,0.4664403039050171,59049,10,4,0,0.01,2,15.625,0.0,31.25,0.0
