L_slow,L_fast,L_diff,n,d,k,seed,subsample_size,steps
52.86830631074429,10.117538512382131,-42.750767798362155,531441,12,5,0,0.01,2
10.107828867514952,10.118466925539812,0.010638058024859731,531441,12,5,0,0.01,2
10.107828867514952,10.11693105058279,0.00910218306783861,531441,12,5,0,0.01,2
