L_slow,L_fast,L_diff,n,d,k,seed,subsample_size,steps
17.14654235765297,17.183625814704897,0.03708345705192784,100000,3,3,0,0.01,4
17.134519735734013,17.183625814704897,0.04910607897088326,100000,3,3,0,0.01,4
17.13411278183303,17.183625814704897,0.049513032871868035,100000,3,3,0,0.01,4
17.13408932084375,17.183625814704897,0.049536493861147335,100000,3,3,0,0.01,4
17.134086790174827,17.183625814704897,0.04953902453006975,100000,3,3,0,0.01,4
