L_slow,L_fast,L_diff,n,d,k,seed,subsample_size,steps
156.1973406925352,,,10738,15,5,0,0.01,4
121.12432052259783,,,10738,15,5,0,0.01,4
108.9168324391074,12.415736497737731,-96.50109594136967,10738,15,5,0,0.01,4
11.784678525514469,52.57540769529115,40.79072916977668,10738,15,5,0,0.01,4
11.784678525514469,12.407019498205988,0.6223409726915197,10738,15,5,0,0.01,4
