L_slow,L_fast,L_diff,n,d,k,seed,subsample_size,steps
64.3451002823226,,,10081,7,3,0,0.01,3
13.839269307800102,8.241870962983644,-5.597398344816458,10081,7,3,0,0.01,3
8.00771827553278,8.303183055873369,0.29546478034058943,10081,7,3,0,0.01,3
8.00771827553278,8.497935383461739,0.49021710792895945,10081,7,3,0,0.01,3
