L_slow,L_fast,L_diff,n,d,k,seed,subsample_size,steps,t_A,t_B,t_sketching,t_sampling
10.789527691906715,5.480909174947076,-5.308618516959639,1000000,8,3,0,0.01,1,125.0,46.875,281.25,15.625
5.479618126414534,5.4802181677097055,0.0006000412951712164,1000000,8,3,0,0.01,1,250.0,46.875,265.625,15.625
