L_slow,L_fast,L_diff,n,d,k,seed,subsample_size,steps
75.97350783304113,8.69868998373216,-67.27481784930896,177147,11,5,0,0.01,2
8.676951935884984,8.69908024423006,0.022128308345076064,177147,11,5,0,0.01,2
8.676951935884984,8.701293573888881,0.02434163800389655,177147,11,5,0,0.01,2
