L_slow,L_fast,L_diff,n,d,k,seed,subsample_size,steps
22.51712334398197,6.343153608538725,-16.173969735443247,104820,7,4,0,0.01,3
6.492457999966583,6.343153608538725,-0.149304391427858,104820,7,4,0,0.01,3
6.328368315974459,6.343153608538725,0.014785292564265973,104820,7,4,0,0.01,3
6.328368315974459,6.343153608538725,0.014785292564265973,104820,7,4,0,0.01,3
