L_slow,L_fast,L_diff,n,d,k,seed,subsample_size,steps
33.66815243284256,,,10081,7,4,0,0.01,5
31.4814027100898,,,10081,7,4,0,0.01,5
31.476774125350328,31.837702229561383,0.36092810421105526,10081,7,4,0,0.01,5
31.474144265954077,6.539670729392452,-24.934473536561626,10081,7,4,0,0.01,5
6.341058152103415,,,10081,7,4,0,0.01,5
6.341058152103415,,,10081,7,4,0,0.01,5
