L_slow,L_fast,L_diff,n,d,k,seed,subsample_size
143727837.26057398,41350147.18127749,-102377690.0792965,111753,9,3,0,0.01
41235106.686355196,41350147.18127749,115040.49492229521,111753,9,3,0,0.01
41235106.686355196,41350147.18127749,115040.49492229521,111753,9,3,0,0.01
