L_slow,L_fast,L_diff,n,d,k,seed,subsample_size,steps,t_A,t_B,t_sketching,t_sampling
0.790443802531916,0.6982444555279312,-0.0921993470039848,100000,2,9,0,0.01,4,15.625,0.0,15.625,0.0
0.6912421620299012,0.6928088404643246,0.0015666784344233742,100000,2,9,0,0.01,4,15.625,0.0,15.625,0.0
0.6894243403686626,0.6905204297420338,0.001096089373371134,100000,2,9,0,0.01,4,0.0,0.0,15.625,0.0
0.6885085409138839,0.6914674302861152,0.0029588893722313214,100000,2,9,0,0.01,4,15.625,0.0,15.625,0.0
0.6879250387818452,0.6894614606972934,0.0015364219154482273,100000,2,9,0,0.01,4,15.625,0.0,15.625,15.625
