L_slow,L_fast,L_diff,n,d,k,seed,subsample_size,steps,t_A,t_B,t_sketching,t_sampling
249.18542416918464,231.0448398177443,-18.14058435144034,59049,10,5,0,0.01,2,0.0,0.0,62.5,0.0
229.49942902825413,230.29329695287387,0.7938679246197466,59049,10,5,0,0.01,2,15.625,0.0,31.25,0.0
229.4235202374087,230.07723040435354,0.6537101669448475,59049,10,5,0,0.01,2,31.25,0.0,31.25,0.0
