L_slow,L_fast,L_diff,n,d,k,seed,subsample_size,steps,t_A,t_B,t_sketching,t_sampling
5467952243.9930105,5087715192.003492,-380237051.98951817,22784,17,3,0,0.01,4,0.0,0.0,0.0,0.0
4968272574.388756,4932502968.486942,-35769605.90181351,22784,17,3,0,0.01,4,0.0,0.0,15.625,0.0
4892720521.344264,4873897118.449513,-18823402.894750595,22784,17,3,0,0.01,4,0.0,15.625,15.625,0.0
4837332337.1713085,4863072062.020438,25739724.849129677,22784,17,3,0,0.01,4,15.625,0.0,31.25,0.0
4833152970.906906,4850088464.596017,16935493.689110756,22784,17,3,0,0.01,4,15.625,0.0,31.25,0.0
