L_slow,L_fast,L_diff,n,d,k,seed,subsample_size,steps
24.567001054015982,25.178015047030296,0.6110139930143141,10692,8,5,0,0.01,8
23.27547336597141,,,10692,8,5,0,0.01,8
23.27219000251098,,,10692,8,5,0,0.01,8
23.270234583889124,24.867685434985326,1.5974508510962018,10692,8,5,0,0.01,8
23.268996164241987,,,10692,8,5,0,0.01,8
23.268095945238326,,,10692,8,5,0,0.01,8
23.26741294243278,7.669443518324014,-15.597969424108767,10692,8,5,0,0.01,8
7.21651856965448,24.672655297828648,17.45613672817417,10692,8,5,0,0.01,8
7.21651856965448,25.254562027001434,18.038043457346955,10692,8,5,0,0.01,8
