L_slow,L_fast,L_diff,n,d,k,seed,subsample_size,steps
5.384184943722077,4.553544753443427,-0.8306401902786495,100000,3,3,0,0.01,4
4.536373394129413,4.5406911737902735,0.0043177796608606656,100000,3,3,0,0.01,4
4.536206368202755,12.360652651728985,7.82444628352623,100000,3,3,0,0.01,4
4.536201078601987,4.548201745979911,0.012000667377924046,100000,3,3,0,0.01,4
4.536200572332985,4.541562594514439,0.005362022181454762,100000,3,3,0,0.01,4
