L_slow,L_fast,L_diff,n,d,k,seed,subsample_size,steps
4.741588527181897,4.744398032398623,0.0028095052167254053,215443,4,3,0,0.01,2
4.739136540625961,4.741412032384077,0.0022754917581160328,215443,4,3,0,0.01,2
4.739135086343577,4.741236370087584,0.0021012837440075316,215443,4,3,0,0.01,2
