L_slow,L_fast,L_diff,n,d,k,seed,subsample_size,steps
64.67145694213795,16.841238771085536,-47.830218171052415,241600,18,5,0,0.01,2
16.80015323083147,16.836004676111674,0.035851445280204786,241600,18,5,0,0.01,2
16.80015323083147,16.83573760560492,0.03558437477344967,241600,18,5,0,0.01,2
