L_slow,L_fast,L_diff,n,d,k,seed,subsample_size,steps
65.83229613322733,,,177147,11,3,0,0.01,3
65.83049250034357,13.063086879417844,-52.76740562092572,177147,11,3,0,0.01,3
13.044346372198753,13.063202833368875,0.018856461170122074,177147,11,3,0,0.01,3
13.044346372198753,13.064714563314883,0.02036819111613042,177147,11,3,0,0.01,3
