L_slow,L_fast,L_diff,n,d,k,seed,subsample_size,steps
39.885008869407805,16.999786024829206,-22.8852228445786,241600,18,4,0,0.01,2
16.972072575395348,17.00352202569,0.031449450294651626,241600,18,4,0,0.01,2
16.972072575395348,17.005400328539153,0.03332775314380498,241600,18,4,0,0.01,2
