L_slow,L_fast,L_diff,n,d,k,seed,subsample_size,steps,t_A,t_B,t_sketching,t_sampling
1.04804997494748,0.9814631444577967,-0.06658683048968339,1000000,2,6,0,0.01,2,125.0,15.625,93.75,31.25
0.9805192942468512,0.9789791006822339,-0.0015401935646173204,1000000,2,6,0,0.01,2,93.75,15.625,109.375,15.625
0.9784926432994882,0.978938740626484,0.00044609732699585347,1000000,2,6,0,0.01,2,109.375,15.625,93.75,31.25
