L_slow,L_fast,L_diff,n,d,k,seed,subsample_size,steps
11.448538621644985,11.759123801121081,0.3105851794760959,12455,13,4,0,0.01,1
11.448538621644985,,,12455,13,4,0,0.01,1
