L_slow,L_fast,L_diff,n,d,k,seed,subsample_size,steps,t_A,t_B,t_sketching,t_sampling
15.56191214686901,10.125138961964389,-5.436773184904622,100000,2,3,0,0.01,1,0.0,0.0,46.875,0.0
10.117761372436398,10.117660469120482,-0.00010090331591605661,100000,2,3,0,0.01,1,0.0,0.0,15.625,15.625
