L_slow,L_fast,L_diff,n,d,k,seed,subsample_size,steps
6.8270035240407205,4.525536595717988,-2.301466928322733,215443,3,3,0,0.01,7
5.565657242172916,4.525536595717988,-1.0401206464549286,215443,3,3,0,0.01,7
4.744794349869686,4.525536595717988,-0.21925775415169824,215443,3,3,0,0.01,7
4.537383817205072,4.525536595717988,-0.01184722148708417,215443,3,3,0,0.01,7
4.5200435925609455,4.525536595717988,0.005493003157042153,215443,3,3,0,0.01,7
4.518996709394494,4.525536595717988,0.006539886323493782,215443,3,3,0,0.01,7
4.518945127416105,4.525536595717988,0.006591468301882841,215443,3,3,0,0.01,7
4.518940981023305,4.525536595717988,0.006595614694682617,215443,3,3,0,0.01,7
