L_slow,L_fast,L_diff,n,d,k,seed,subsample_size
4.754722658925192,4.588958216110078,-0.1657644428151137,10000,3,3,0,0.01
4.521107855073038,4.588958216110078,0.06785036103704023,10000,3,3,0,0.01
4.4998673761386625,4.588958216110078,0.08909083997141565,10000,3,3,0,0.01
4.498868321766587,4.588958216110078,0.09008989434349157,10000,3,3,0,0.01
4.498802132884624,4.588958216110078,0.09015608322545443,10000,3,3,0,0.01
4.498788823985486,4.588958216110078,0.09016939212459185,10000,3,3,0,0.01
4.498787328551351,4.588958216110078,0.09017088755872749,10000,3,3,0,0.01
4.498787328551351,4.588958216110078,0.09017088755872749,10000,3,3,0,0.01
