L_slow,L_fast,L_diff,n,d,k,seed,subsample_size,steps
46.30613264741638,,,104820,7,5,0,0.01,4
18.265997379554094,20.895302996826608,2.6293056172725144,104820,7,5,0,0.01,4
8.811577265014552,8.834897743277713,0.023320478263160638,104820,7,5,0,0.01,4
8.80063728168148,18.635157420030733,9.834520138349253,104820,7,5,0,0.01,4
8.800637173773092,8.847080427569136,0.04644325379604375,104820,7,5,0,0.01,4
