L_slow,L_fast,L_diff,n,d,k,seed,subsample_size,steps,t_A,t_B,t_sketching,t_sampling
10.348662248674149,5.6376727265603,-4.710989522113849,100000,5,3,0,0.01,2,46.875,15.625,15.625,0.0
5.621182961783477,5.6344824351008995,0.013299473317422539,100000,5,3,0,0.01,2,15.625,0.0,31.25,0.0
5.621182927671563,5.625353898926559,0.00417097125499577,100000,5,3,0,0.01,2,15.625,0.0,31.25,0.0
