L_slow,L_fast,L_diff,n,d,k,seed,subsample_size,steps
6.656947081854561,5.641151656415187,-1.0157954254393742,10692,8,3,0,0.01,2
5.482718587483536,5.641151656415187,0.1584330689316511,10692,8,3,0,0.01,2
5.482718587483536,5.641151656415187,0.1584330689316511,10692,8,3,0,0.01,2
