L_slow,L_fast,L_diff,n,d,k,seed,subsample_size,steps,t_A,t_B,t_sketching,t_sampling
1.088395759973759,0.9950819135478952,-0.09331384642586382,100000,2,6,0,0.01,3,0.0,0.0,31.25,0.0
0.98530709247466,0.9783468974069961,-0.006960195067663877,100000,2,6,0,0.01,3,0.0,0.0,15.625,0.0
0.9759792715896579,0.9809934789913285,0.0050142074016705784,100000,2,6,0,0.01,3,15.625,0.0,15.625,0.0
0.9753169759910599,0.9761838265877791,0.0008668505967192042,100000,2,6,0,0.01,3,0.0,0.0,15.625,0.0
