L_slow,L_fast,L_diff,n,d,k,seed,subsample_size,steps
11.448538621644985,11.738496864335657,0.2899582426906715,12455,13,4,0,0.01,1
11.448538621644985,11.738496864335657,0.2899582426906715,12455,13,4,0,0.01,1
