L_slow,L_fast,L_diff,n,d,k,seed,subsample_size,steps
1125456858620161.6,251164155721.0588,-1125205694464440.6,104820,7,4,0,0.01,5
606048295094139.8,251164155721.0588,-605797130938418.8,104820,7,4,0,0.01,5
249039277135.24228,251164155721.0588,2124878585.8165283,104820,7,4,0,0.01,5
249000425661.60004,251164155721.0588,2163730059.4587708,104820,7,4,0,0.01,5
248999339352.68774,251164155721.0588,2164816368.371063,104820,7,4,0,0.01,5
248999280139.51633,251164155721.0588,2164875581.5424805,104820,7,4,0,0.01,5
