L_slow,L_fast,L_diff,n,d,k,seed,subsample_size,steps
64.67145694213795,16.841238771085536,-47.830218171052415,241600,18,5,0,0.01,2
16.80015323083147,16.834429334206202,0.03427610337473297,241600,18,5,0,0.01,2
16.80015323083147,16.83164198081502,0.03148874998355211,241600,18,5,0,0.01,2
