L_slow,L_fast,L_diff,n,d,k,seed,subsample_size,steps,t_A,t_B,t_sketching,t_sampling
12.986233930185328,7.998519466822582,-4.987714463362746,10000000,5,9,0,0.01,1,3062.5,281.25,2812.5,218.75
7.998090705504779,7.998431025592466,0.0003403200876865853,10000000,5,9,0,0.01,1,2531.25,296.875,2718.75,187.5
