L_slow,L_fast,L_diff,n,d,k,seed,subsample_size,steps
21319947752.57085,3032540205.222385,-18287407547.348465,761940,6,4,0,0.01,8
3030476252.0221114,3026373573.907511,-4102678.1146001816,761940,6,4,0,0.01,8
3025668144.501423,3026700699.2877636,1032554.7863407135,761940,6,4,0,0.01,8
3025514159.424328,3027295445.6537304,1781286.229402542,761940,6,4,0,0.01,8
3025471518.603978,3026274492.02132,802973.4173417091,761940,6,4,0,0.01,8
3025457712.509886,3028172012.45292,2714299.943034172,761940,6,4,0,0.01,8
3025451963.365152,3027672054.75242,2220091.3872680664,761940,6,4,0,0.01,8
3025448854.773931,3026372021.9081674,923167.1342363358,761940,6,4,0,0.01,8
3025446880.649188,3026202397.117124,755516.467936039,761940,6,4,0,0.01,8
