L_slow,L_fast,L_diff,n,d,k,seed,subsample_size,steps
13.25680686698394,13.401622251192387,0.14481538420844764,40768,11,4,0,0.01,1
13.25680686698394,52.84007425266602,39.58326738568208,40768,11,4,0,0.01,1
