L_slow,L_fast,L_diff,n,d,k,seed,subsample_size,steps
68.82546850696795,9.490291581554901,-59.33517692541305,10692,8,4,0,0.01,2
9.127572372863243,,,10692,8,4,0,0.01,2
9.127572372863243,9.554660991880008,0.4270886190167644,10692,8,4,0,0.01,2
