L_slow,L_fast,L_diff,n,d,k,seed,subsample_size,steps
49.23163792585935,49.316604136760034,0.08496621090068146,177147,11,4,0,0.01,3
49.229851125563776,13.290326080146409,-35.93952504541737,177147,11,4,0,0.01,3
13.254719521147635,13.279810050922144,0.025090529774509207,177147,11,4,0,0.01,3
13.254719521147635,13.292005741331918,0.03728622018428318,177147,11,4,0,0.01,3
