L_slow,L_fast,L_diff,n,d,k,seed,subsample_size,steps
14.499818390770082,5.645682714161104,-8.854135676608978,89640,5,3,0,0.01,3
5.648844297765552,5.645682714161104,-0.0031615836044478485,89640,5,3,0,0.01,3
5.626177509598094,5.645682714161104,0.019505204563010636,89640,5,3,0,0.01,3
5.6261774918025695,5.645682714161104,0.0195052223585348,89640,5,3,0,0.01,3
