L_slow,L_fast,L_diff,n,d,k,seed,subsample_size,steps
8.843914651446818,4.313227825908038,-4.53068682553878,100000,3,4,0,0.01,7
6.065392596844684,4.313227825908038,-1.7521647709366457,100000,3,4,0,0.01,7
4.4052004818322335,4.313227825908038,-0.09197265592419512,100000,3,4,0,0.01,7
4.301545701561374,4.313227825908038,0.011682124346664047,100000,3,4,0,0.01,7
4.299404057895371,4.313227825908038,0.01382376801266716,100000,3,4,0,0.01,7
4.299207615317974,4.313227825908038,0.014020210590063975,100000,3,4,0,0.01,7
4.299177638621079,4.313227825908038,0.014050187286959392,100000,3,4,0,0.01,7
4.299173622639179,4.313227825908038,0.014054203268859311,100000,3,4,0,0.01,7
