L_slow,L_fast,L_diff,n,d,k,seed,subsample_size,steps,t_A,t_B,t_sketching,t_sampling
54.456796042298116,54.45649243049884,-0.00030361179927496096,10000000,8,3,0,0.01,1,1203.125,593.75,2656.25,187.5
54.45600650969846,54.45649115868689,0.0004846489884258176,10000000,8,3,0,0.01,1,2281.25,609.375,2640.625,187.5
