L_slow,L_fast,L_diff,n,d,k,seed,subsample_size,steps
69.26693140007512,9.219013573687159,-60.047917826387966,59049,10,5,0,0.01,2
9.123442558237734,,,59049,10,5,0,0.01,2
9.123442558237734,23.4940294040168,14.370586845779066,59049,10,5,0,0.01,2
