L_slow,L_fast,L_diff,n,d,k,seed,subsample_size
4.741588527181897,4.7440369667033675,0.002448439521470114,215443,4,3,0,0.01
4.739136540625961,4.7440369667033675,0.004900426077406372,215443,4,3,0,0.01
4.739135086343577,4.7440369667033675,0.004901880359790667,215443,4,3,0,0.01
4.739135084736171,4.7440369667033675,0.004901881967196431,215443,4,3,0,0.01
4.739135084736171,4.7440369667033675,0.004901881967196431,215443,4,3,0,0.01
