L_slow,L_fast,L_diff,n,d,k,seed,subsample_size,steps
52.86830631074429,10.115498180637413,-42.75280813010687,531441,12,5,0,0.01,3
19.88895112299542,10.115498180637413,-9.773452942358006,531441,12,5,0,0.01,3
10.107828867514952,10.115498180637413,0.007669313122461219,531441,12,5,0,0.01,3
10.107828867514952,10.115498180637413,0.007669313122461219,531441,12,5,0,0.01,3
