L_slow,L_fast,L_diff,n,d,k,seed,subsample_size,steps
2.117771908446563,1.657805883064307,-0.45996602538225617,1000000,2,3,0,0.01,5
1.6569525164418837,1.6572694179662415,0.0003169015243578155,1000000,2,3,0,0.01,5
1.6569037719615356,1.6569868389125817,8.306695104609574e-05,1000000,2,3,0,0.01,5
1.6568903651150144,1.6570873013952971,0.00019693628028272236,1000000,2,3,0,0.01,5
1.6568863187323448,1.6569805847255832,9.426599323836271e-05,1000000,2,3,0,0.01,5
1.656885107027134,1.6571142129959417,0.00022910596880776346,1000000,2,3,0,0.01,5
