L_slow,L_fast,L_diff,n,d,k,seed,subsample_size,steps
41.8554853113533,14.04624147694218,-27.80924383441112,581835,10,3,0,0.01,2
14.03540606760296,14.041583249218025,0.006177181615065308,581835,10,3,0,0.01,2
14.03540606760296,14.041082648385164,0.005676580782203899,581835,10,3,0,0.01,2
