L_slow,L_fast,L_diff,n,d,k,seed,subsample_size,steps
55.691720724591676,49.03043183633098,-6.661288888260692,12455,13,5,0,0.01,3
48.4322901119584,16.760100254441685,-31.672189857516717,12455,13,5,0,0.01,3
15.972397254480747,,,12455,13,5,0,0.01,3
15.972397254480747,,,12455,13,5,0,0.01,3
