L_slow,L_fast,L_diff,n,d,k,seed,subsample_size,steps,t_A,t_B,t_sketching,t_sampling
57.35655898165435,54.80796693525183,-2.5485920464025256,1025010,11,4,0,0.01,1,93.75,46.875,312.5,15.625
54.78895251297175,54.77803532637557,-0.010917186596174133,1025010,11,4,0,0.01,1,250.0,46.875,312.5,31.25
