L_slow,L_fast,L_diff,n,d,k,seed,subsample_size,steps
11.01960583493972,5.488601450866081,-5.531004384073638,110527,8,3,0,0.01,2
5.477195223838125,5.503135916684964,0.025940692846838864,110527,8,3,0,0.01,2
5.477195223838125,5.486352628287707,0.009157404449582351,110527,8,3,0,0.01,2
