L_slow,L_fast,L_diff,n,d,k,seed,subsample_size,steps
46.30613264741638,8.843812655905278,-37.46231999151111,104820,7,5,0,0.01,4
18.265997379554094,8.843812655905278,-9.422184723648815,104820,7,5,0,0.01,4
8.811577265014552,8.843812655905278,0.03223539089072602,104820,7,5,0,0.01,4
8.80063728168148,8.843812655905278,0.04317537422379836,104820,7,5,0,0.01,4
8.800637173773092,8.843812655905278,0.04317548213218636,104820,7,5,0,0.01,4
