L_slow,L_fast,L_diff,n,d,k,seed,subsample_size,steps,t_A,t_B,t_sketching,t_sampling
24.063590366000913,20.86846073261607,-3.195129633384841,10000000,8,9,0,0.01,1,3546.875,546.875,4140.625,203.125
20.868000322715176,20.869546260885123,0.001545938169947192,10000000,8,9,0,0.01,1,3796.875,546.875,4125.0,187.5
