L_slow,L_fast,L_diff,n,d,k,seed,subsample_size,steps,t_A,t_B,t_sketching,t_sampling
1.1853764936808873,1.0112762778707212,-0.1741002158101661,1069964,30,5,0,0.01,1,609.375,62.5,1234.375,31.25
1.0104854373933405,1.0111350917484283,0.000649654355087792,1069964,30,5,0,0.01,1,968.75,62.5,1250.0,15.625
