L_slow,L_fast,L_diff,n,d,k,seed,subsample_size,steps,t_A,t_B,t_sketching,t_sampling
53.496992544539005,37.35478246285465,-16.142210081684354,10000000,5,3,0,0.01,1,968.75,343.75,1687.5,171.875
37.35383349521252,37.354191177947484,0.000357682734964726,10000000,5,3,0,0.01,1,1343.75,296.875,1687.5,187.5
