L_slow,L_fast,L_diff,n,d,k,seed,subsample_size,steps
11.536673898718117,8.016734856600298,-3.5199390421178194,100000,3,3,0,0.01,3
8.004002889585385,8.014596571002905,0.010593681417519818,100000,3,3,0,0.01,3
8.003948837818958,8.019693147786292,0.015744309967333336,100000,3,3,0,0.01,3
8.003946758655992,8.014987314370469,0.011040555714476596,100000,3,3,0,0.01,3
