L_slow,L_fast,L_diff,n,d,k,seed,subsample_size,steps
13.278352393284585,5.543596027833935,-7.73475636545065,89640,5,4,0,0.01,2
5.523213049985075,5.534917729068101,0.011704679083026193,89640,5,4,0,0.01,2
5.523212915966645,5.545941600059252,0.02272868409260731,89640,5,4,0,0.01,2
