L_slow,L_fast,L_diff,n,d,k,seed,subsample_size
16170575.513422217,13882059.138288233,-2288516.375133984,111753,9,5,0,0.01
13868757.140569357,13882059.138288233,13301.997718876228,111753,9,5,0,0.01
13868757.140569357,13882059.138288233,13301.997718876228,111753,9,5,0,0.01
