L_slow,L_fast,L_diff,n,d,k,seed,subsample_size,steps
22.51712334398197,6.343877893511752,-16.17324545047022,104820,7,4,0,0.01,2
6.328368315974459,6.352030105639362,0.023661789664902955,104820,7,4,0,0.01,2
6.328368315974459,6.354858407955627,0.026490091981167474,104820,7,4,0,0.01,2
