L_slow,L_fast,L_diff,n,d,k,seed,subsample_size,steps
53.38263187176085,17.77748681081359,-35.605145060947265,531441,12,3,0,0.01,2
17.76639531701719,17.775040655502572,0.008645338485383292,531441,12,3,0,0.01,2
17.76639531701719,17.77548833154178,0.009093014524591325,531441,12,3,0,0.01,2
