L_slow,L_fast,L_diff,n,d,k,seed,subsample_size,steps,t_A,t_B,t_sketching,t_sampling
2.1437407268183133,2.109333774141775,-0.03440695267653826,1000000,2,9,0,0.01,2,203.125,0.0,140.625,15.625
2.106357562901144,2.1058882752074224,-0.0004692876937215651,1000000,2,9,0,0.01,2,125.0,15.625,125.0,15.625
2.1046450734468003,2.1059086902083224,0.0012636167615220906,1000000,2,9,0,0.01,2,125.0,15.625,125.0,15.625
