L_slow_list,L_fast_list,L_diff_list,n,d,k,seed,subsample_size
2.101992675290878,1.9313732967227746,-0.17061937856810339,100000,3,3,0,0.01
1.9363573577717363,1.9313732967227746,-0.004984061048961763,100000,3,3,0,0.01
1.9281214750408713,1.9313732967227746,0.0032518216819032997,100000,3,3,0,0.01
1.9281314893194326,1.9313732967227746,0.003241807403342012,100000,3,3,0,0.01
1.92821272503189,1.9313732967227746,0.0031605716908846837,100000,3,3,0,0.01
1.928233818597263,1.9313732967227746,0.00313947812551163,100000,3,3,0,0.01
1.9282421546304833,1.9313732967227746,0.0031311420922912614,100000,3,3,0,0.01
1.9282460408958195,1.9313732967227746,0.0031272558269550554,100000,3,3,0,0.01
1.9282460408958195,1.9313732967227746,0.0031272558269550554,100000,3,3,0,0.01
