L_slow,L_fast,L_diff,n,d,k,seed,subsample_size,steps,t_A,t_B,t_sketching,t_sampling
4.183992206161254,4.078617843667795,-0.10537436249345955,100000,2,3,0,0.01,2,0.0,0.0,46.875,0.0
4.067333831390373,4.10767361048017,0.04033977908979658,100000,2,3,0,0.01,2,0.0,0.0,15.625,15.625
4.064950397406871,4.0698160936401795,0.004865696233308903,100000,2,3,0,0.01,2,0.0,0.0,15.625,0.0
