L_slow,L_fast,L_diff,n,d,k,seed,subsample_size,steps,t_A,t_B,t_sketching,t_sampling
25.70608232952392,12.90569127213275,-12.80039105739117,10000000,5,6,0,0.01,1,2000.0,281.25,2203.125,187.5
12.90524030474662,12.905582789982628,0.00034248523600766134,10000000,5,6,0,0.01,1,2062.5,281.25,2250.0,187.5
