L_slow,L_fast,L_diff,n,d,k,seed,subsample_size,steps,t_A,t_B,t_sketching,t_sampling
17.096752326189296,15.682185892413484,-1.4145664337758124,100000,8,9,0,0.01,2,46.875,0.0,31.25,0.0
15.59864894569321,15.634576162296598,0.0359272166033886,100000,8,9,0,0.01,2,46.875,0.0,31.25,0.0
15.597678697000607,15.615966212080295,0.018287515079688177,100000,8,9,0,0.01,2,31.25,15.625,46.875,0.0
