L_slow,L_fast,L_diff,n,d,k,seed,subsample_size,steps
37.81971380124051,8.818119971623842,-29.001593829616667,40768,11,5,0,0.01,2
8.689486599209438,8.789061067790223,0.09957446858078534,40768,11,5,0,0.01,2
8.689486599209438,8.7821321852301,0.09264558602066231,40768,11,5,0,0.01,2
