L_slow,L_fast,L_diff,n,d,k,seed,subsample_size,steps,t_A,t_B,t_sketching,t_sampling
0.7623156446214215,0.6883452444022866,-0.07397040021913492,1000000,2,9,0,0.01,2,234.375,15.625,140.625,15.625
0.6873189778054135,0.687491806564427,0.00017282875901347694,1000000,2,9,0,0.01,2,140.625,15.625,171.875,15.625
0.686998866252048,0.6870326558376371,3.3789585589083515e-05,1000000,2,9,0,0.01,2,140.625,15.625,140.625,31.25
