L_slow,L_fast,L_diff,n,d,k,seed,subsample_size,steps
15.868270466621247,5.643101089502057,-10.22516937711919,46415,5,3,0,0.01,2
5.612720758880131,5.637651719113892,0.02493096023376129,46415,5,3,0,0.01,2
5.612720320425999,5.6313219831679815,0.018601662741982494,46415,5,3,0,0.01,2
