L_slow,L_fast,L_diff,n,d,k,seed,subsample_size,steps
37.81971380124051,8.818119971623842,-29.001593829616667,40768,11,5,0,0.01,2
8.689486599209438,33.04459960483594,24.3551130056265,40768,11,5,0,0.01,2
8.689486599209438,8.800708512799275,0.11122191358983713,40768,11,5,0,0.01,2
