L_slow_list,L_fast_list,L_diff_list,n,d,k,seed,subsample_size
3.535422670609821,3.5302783338017543,-0.005144336808066807,100000,3,3,0,0.01
3.5421560525286004,3.5302783338017543,-0.011877718726846176,100000,3,3,0,0.01
3.543382667554648,3.5302783338017543,-0.013104333752893549,100000,3,3,0,0.01
3.5437002421632533,3.5302783338017543,-0.013421908361499035,100000,3,3,0,0.01
3.543817319216158,3.5302783338017543,-0.013538985414403903,100000,3,3,0,0.01
3.543817319216158,3.5302783338017543,-0.013538985414403903,100000,3,3,0,0.01
