L_slow,L_fast,L_diff,n,d,k,seed,subsample_size,steps
7.897766857509402,4.303105705553353,-3.594661151956049,100000,3,4,0,0.01,4
4.299306905554451,4.304669638970018,0.005362733415567256,100000,3,4,0,0.01,4
4.299192928008788,4.302057170393574,0.002864242384786664,100000,3,4,0,0.01,4
4.2991752266688135,4.3029002301041315,0.0037250034353180084,100000,3,4,0,0.01,4
4.299173550291219,4.307123630452216,0.007950080160996187,100000,3,4,0,0.01,4
