L_slow,L_fast,L_diff,n,d,k,seed,subsample_size,steps
24.49055086189536,7.264605020664958,-17.225945841230402,110527,8,5,0,0.01,2
7.233501097787353,7.275423866218499,0.04192276843114584,110527,8,5,0,0.01,2
7.233501097787353,7.270230628077806,0.03672953029045356,110527,8,5,0,0.01,2
