L_slow,L_fast,L_diff,n,d,k,seed,subsample_size,steps,t_A,t_B,t_sketching,t_sampling
1.7085160539951953,1.655579150492898,-0.052936903502297294,10000000,2,3,0,0.01,1,687.5,109.375,843.75,187.5
1.655497937638568,1.6555195015599498,2.1563921381861917e-05,10000000,2,3,0,0.01,1,750.0,93.75,828.125,187.5
