,L_slow,L_fast,L_diff,n,d,k,seed,subsample_size,steps,L_opt
0,6.968563048239711,6.959424719750503,-0.0091383284892083,100000,3,5,0,0.01,2,4.0183414320358555
1,6.945271965479289,6.95899387346384,0.0137219079845509,100000,3,5,0,0.01,2,4.0183414320358555
2,6.939439164409678,6.95899387346384,0.0195547090541623,100000,3,5,0,0.01,2,4.0183414320358555
