L_slow_list,L_fast_list,L_diff_list
2.045146569449135,2.0456721874130843,0.000525617963949454
2.044644869510024,2.0456721874130843,0.0010273179030604318
2.0446453169686762,2.0456721874130843,0.001026870444408079
2.044645341119484,2.0456721874130843,0.001026846293600503
2.044645341119484,2.0456721874130843,0.001026846293600503
