L_slow,L_fast,L_diff,n,d,k,seed,subsample_size,steps
9.110017251042471,9.14746269967725,0.037445448634779055,110527,8,4,0,0.01,1
9.110017251042471,9.14746269967725,0.037445448634779055,110527,8,4,0,0.01,1
