L_slow,L_fast,L_diff,n,d,k,seed,subsample_size,steps,t_A,t_B,t_sketching,t_sampling
23.276524664477122,22.742962364496613,-0.5335622999805096,100000,8,6,0,0.01,2,15.625,0.0,31.25,0.0
22.684542021628236,22.711442931967404,0.02690091033916886,100000,8,6,0,0.01,2,31.25,15.625,31.25,0.0
22.683868574839384,22.780191449425278,0.09632287458589417,100000,8,6,0,0.01,2,31.25,15.625,31.25,15.625
