,L_slow,L_fast,L_diff,n,d,k,seed,subsample_size,steps,L_opt
0,6.241636342637569,4.5303806321452535,-1.7112557104923152,1000000,3,3,0,0.01,4,4.528661436116642
1,5.047615461610638,4.5303806321452535,-0.5172348294653846,1000000,3,3,0,0.01,4,4.528661436116642
2,4.593802276880658,4.5303806321452535,-0.0634216447354045,1000000,3,3,0,0.01,4,4.528661436116642
3,4.532954858710687,4.5303806321452535,-0.0025742265654331,1000000,3,3,0,0.01,4,4.528661436116642
4,4.528891882419618,4.5303806321452535,0.0014887497256355,1000000,3,3,0,0.01,4,4.528661436116642
