L_slow,L_fast,L_diff,n,d,k,seed,subsample_size
922124.0813241568,44313.264592477695,-877810.8167316791,104820,7,4,0,0.01
797950.2840145668,44313.264592477695,-753637.0194220891,104820,7,4,0,0.01
26099.163125388273,44313.264592477695,18214.101467089422,104820,7,4,0,0.01
24729.210677567065,44313.264592477695,19584.05391491063,104820,7,4,0,0.01
26410.69435782159,44313.264592477695,17902.570234656105,104820,7,4,0,0.01
26450.80974506171,44313.264592477695,17862.454847415986,104820,7,4,0,0.01
26450.80974506171,44313.264592477695,17862.454847415986,104820,7,4,0,0.01
