L_slow,L_fast,L_diff,n,d,k,seed,subsample_size
8.007429405130345,8.02345101446998,0.016021609339635035,100000,3,3,0,0.01
8.004025086458848,8.02345101446998,0.019425928011132854,100000,3,3,0,0.01
8.003949126978123,8.02345101446998,0.019501887491857772,100000,3,3,0,0.01
8.00394682709968,8.02345101446998,0.01950418737030013,100000,3,3,0,0.01
8.003946697820897,8.02345101446998,0.019504316649083364,100000,3,3,0,0.01
8.003946687095752,8.02345101446998,0.01950432737422858,100000,3,3,0,0.01
8.003946687095752,8.02345101446998,0.01950432737422858,100000,3,3,0,0.01
