L_slow,L_fast,L_diff,n,d,k,seed,subsample_size,steps
8.01500985960526,8.016711042262324,0.001701182657063427,761940,6,3,0,0.01,1
8.01500751286437,8.016711042262324,0.001703529397953929,761940,6,3,0,0.01,1
