L_slow,L_fast,L_diff,n,d,k,seed,subsample_size,steps
35.079375372096095,8.051444978374985,-27.02793039372111,50000,6,3,0,0.01,2
8.01847025941376,8.040434194745682,0.021963935331921647,50000,6,3,0,0.01,2
8.01847025941376,8.038887651912228,0.020417392498467635,50000,6,3,0,0.01,2
