L_slow,L_fast,L_diff,n,d,k,seed,subsample_size,steps
28.150322434954127,8.003557979410543,-20.146764455543583,104820,7,3,0,0.01,2
7.990308271910815,8.013204462796981,0.02289619088616579,104820,7,3,0,0.01,2
7.990308271910815,8.010603843218934,0.020295571308118987,104820,7,3,0,0.01,2
