L_slow,L_fast,L_diff,n,d,k,seed,subsample_size,steps,t_A,t_B,t_sketching,t_sampling
5.844160697371378,4.475735529338431,-1.368425168032947,100000,5,9,0,0.01,2,46.875,0.0,15.625,0.0
4.450758482581721,4.4778617079746965,0.027103225392975716,100000,5,9,0,0.01,2,15.625,0.0,31.25,15.625
4.448032380653332,4.456090913058584,0.008058532405251562,100000,5,9,0,0.01,2,15.625,0.0,15.625,0.0
