L_slow,L_fast,L_diff,n,d,k,seed,subsample_size,steps
106957520.75746673,99535484.01130614,-7422036.746160597,111753,9,3,0,0.01,3
102934365.35503255,99535484.01130614,-3398881.3437264115,111753,9,3,0,0.01,3
100032641.24713247,99535484.01130614,-497157.2358263284,111753,9,3,0,0.01,3
99436174.29639101,99535484.01130614,99309.71491512656,111753,9,3,0,0.01,3
