L_slow,L_fast,L_diff,n,d,k,seed,subsample_size,steps
5.371083334408616,4.551465055164144,-0.8196182792444722,46415,3,3,0,0.01,6
4.6154025880303315,4.551465055164144,-0.06393753286618775,46415,3,3,0,0.01,6
4.5191403856826025,4.551465055164144,0.032324669481541335,46415,3,3,0,0.01,6
4.513236389785382,4.551465055164144,0.03822866537876202,46415,3,3,0,0.01,6
4.512993580233976,4.551465055164144,0.03847147493016756,46415,3,3,0,0.01,6
4.512977911747174,4.549322482225915,0.03634457047874129,46415,3,3,0,0.01,6
4.512975260700163,4.549322482225915,0.03634722152575254,46415,3,3,0,0.01,6
