L_slow,L_fast,L_diff,n,d,k,seed,subsample_size,steps,t_A,t_B,t_sketching,t_sampling
5.941718807324209,5.223219433353224,-0.7184993739709853,1000000,5,9,0,0.01,4,296.875,31.25,250.0,15.625
5.218871910122605,5.208924414926607,-0.009947495195997469,1000000,5,9,0,0.01,4,265.625,31.25,328.125,31.25
5.1798148060261715,5.172264416525877,-0.007550389500294408,1000000,5,9,0,0.01,4,234.375,31.25,265.625,31.25
5.156384398017723,5.158877347297026,0.0024929492793033248,1000000,5,9,0,0.01,4,250.0,31.25,265.625,15.625
5.1539172336272605,5.157206351048645,0.003289117421384269,1000000,5,9,0,0.01,4,265.625,31.25,281.25,15.625
