L_slow,L_fast,L_diff,n,d,k,seed,subsample_size,steps
28.152265925000066,12.751811260316119,-15.400454664683947,22784,9,4,0,0.01,2
12.55442751740379,12.74912278137516,0.19469526397137038,22784,9,4,0,0.01,2
12.55442751740379,12.82600667685115,0.2715791594473611,22784,9,4,0,0.01,2
