L_slow,L_fast,L_diff,n,d,k,seed,subsample_size,steps
75.97350783304113,75.98685912911328,0.013351296072158902,177147,11,5,0,0.01,7
75.96944362274205,75.98688702740299,0.017443404660937745,177147,11,5,0,0.01,7
75.96776710598948,75.9868493276562,0.019082221666721466,177147,11,5,0,0.01,7
75.96707036400934,75.9871830960478,0.02011273203845576,177147,11,5,0,0.01,7
75.96676564955553,75.98683486710813,0.020069217552602936,177147,11,5,0,0.01,7
75.96661759532368,75.98712372374312,0.02050612841944144,177147,11,5,0,0.01,7
75.96653569148113,75.9870708048706,0.020535113389470894,177147,11,5,0,0.01,7
75.96646684658563,75.9871095467577,0.020642700172061268,177147,11,5,0,0.01,7
