L_slow,L_fast,L_diff,n,d,k,seed,subsample_size,steps,t_A,t_B,t_sketching,t_sampling
18.96412037312812,7.513170563313559,-11.450949809814563,10000000,5,9,0,0.01,1,2937.5,281.25,2750.0,187.5
7.512726963662887,7.512872852224296,0.00014588856140917983,10000000,5,9,0,0.01,1,2546.875,281.25,2718.75,187.5
