L_slow,L_fast,L_diff,n,d,k,seed,subsample_size,steps
6.241636342637569,4.531592298341831,-1.7100440442957376,1000000,3,3,0,0.01,7
5.047615461610638,4.531592298341831,-0.516023163268807,1000000,3,3,0,0.01,7
4.593802276880658,4.531592298341831,-0.06220997853882704,1000000,3,3,0,0.01,7
4.532954858710687,4.531592298341831,-0.0013625603688556254,1000000,3,3,0,0.01,7
4.528891882419618,4.531592298341831,0.0027004159222130397,1000000,3,3,0,0.01,7
4.5286730796352,4.531592298341831,0.0029192187066309216,1000000,3,3,0,0.01,7
4.528661996895796,4.531592298341831,0.002930301446035344,1000000,3,3,0,0.01,7
4.528661456513376,4.531592298341831,0.002930841828455044,1000000,3,3,0,0.01,7
