L_slow,L_fast,L_diff,n,d,k,seed,subsample_size,steps
46.30613264741638,8.822052131729079,-37.4840805156873,104820,7,5,0,0.01,2
8.800637173773092,8.839582718716514,0.03894554494342195,104820,7,5,0,0.01,2
8.800637173773092,8.836786868890663,0.0361496951175706,104820,7,5,0,0.01,2
