L_slow,L_fast,L_diff,n,d,k,seed,subsample_size,steps
16.974351274250115,7.1295654516003,-9.844785822649815,100000,3,4,0,0.01,3
7.1168750700483265,11.988048349436019,4.871173279387692,100000,3,4,0,0.01,3
7.1168576231106035,8.218190970968605,1.1013333478580014,100000,3,4,0,0.01,3
7.116857501190396,7.123933815365014,0.007076314174617515,100000,3,4,0,0.01,3
