L_slow,L_fast,L_diff,n,d,k,seed,subsample_size,steps
53.38263187176085,17.77453537053004,-35.60809650123081,531441,12,3,0,0.01,2
17.76639546662069,17.77453537053004,0.008139903909349044,531441,12,3,0,0.01,2
17.76639531701719,17.77453537053004,0.008140053512850187,531441,12,3,0,0.01,2
