L_slow,L_fast,L_diff,n,d,k,seed,subsample_size,steps
64.3451002823226,8.173643547616184,-56.171456734706425,10081,7,3,0,0.01,2
8.00771827553278,8.151475525227342,0.14375724969456272,10081,7,3,0,0.01,2
8.00771827553278,8.118307063743266,0.11058878821048701,10081,7,3,0,0.01,2
