L_slow_list,L_fast_list,L_diff_list
2.9563234918762262,2.2521430034513563,-0.7041804884248699
2.2516415346839467,2.2521430034513563,0.0005014687674096407
2.250514994414532,2.2521430034513563,0.0016280090368243627
2.250514962599759,2.2521430034513563,0.001628040851597401
2.250514962599759,2.2521430034513563,0.001628040851597401
