L_slow,L_fast,L_diff,n,d,k,seed,subsample_size,steps,t_A,t_B,t_sketching,t_sampling
697483.5185432722,671893.8923155913,-25589.626227680827,12455,13,3,0,0.01,2,0.0,0.0,15.625,0.0
665424.3138879683,669370.7815374536,3946.467649485334,12455,13,3,0,0.01,2,0.0,0.0,0.0,0.0
665202.5850137663,667484.3525473599,2281.7675335935783,12455,13,3,0,0.01,2,0.0,0.0,15.625,0.0
