,L_slow,L_fast,L_diff,n,d,k,seed,subsample_size,steps,L_opt
0,4.6546932185858845,4.48306232617949,-0.1716308924063945,100000,3,3,0,0.01,4,4.476094446086971
1,4.527871523329152,4.48306232617949,-0.0448091971496618,100000,3,3,0,0.01,4,4.476094446086971
2,4.488638215195235,4.48306232617949,-0.0055758890157449,100000,3,3,0,0.01,4,4.476094446086971
3,4.478533678737001,4.48306232617949,0.0045286474424885,100000,3,3,0,0.01,4,4.476094446086971
4,4.4764453497154495,4.48306232617949,0.0066169764640404,100000,3,3,0,0.01,4,4.476094446086971
