L_slow,L_fast,L_diff,n,d,k,seed,subsample_size,steps
9.477325248920806,4.600391309423202,-4.876933939497604,89640,5,5,0,0.01,2
4.582002022009166,4.61250269553445,0.030500673525283517,89640,5,5,0,0.01,2
4.582001922417945,4.60715552612084,0.02515360370289521,89640,5,5,0,0.01,2
