L_slow,L_fast,L_diff,n,d,k,seed,subsample_size,steps,t_A,t_B,t_sketching,t_sampling
53.83381369029523,50.89181349669239,-2.942000193602837,1025010,11,5,0,0.01,1,125.0,46.875,437.5,15.625
50.867157652976985,50.851372272755036,-0.015785380221949197,1025010,11,5,0,0.01,1,343.75,46.875,437.5,31.25
