L_slow,L_fast,L_diff,n,d,k,seed,subsample_size,steps,t_A,t_B,t_sketching,t_sampling
3.388526302966591,1.8871199403337657,-1.5014063626328253,10000000,2,9,0,0.01,1,1875.0,109.375,1500.0,187.5
1.8869099924319863,1.8873940118150183,0.0004840193830319972,10000000,2,9,0,0.01,1,1375.0,93.75,1421.875,234.375
