,L_slow,L_fast,L_diff,n,d,k,seed,subsample_size,steps,L_opt
0,2.150748697538573,1.6633933555115357,-0.4873553420270375,215443,2,3,0,0.01,5,1.6601796776520061
1,1.7870861901787336,1.6633933555115357,-0.1236928346671979,215443,2,3,0,0.01,5,1.6601796776520061
2,1.687234645764996,1.6633933555115357,-0.0238412902534603,215443,2,3,0,0.01,5,1.6601796776520061
3,1.665860233405671,1.6633933555115357,-0.0024668778941352,215443,2,3,0,0.01,5,1.6601796776520061
4,1.6614914417212234,1.6632616392146224,0.001770197493399,215443,2,3,0,0.01,5,1.6601796776520061
5,1.660496595755035,1.6631738144183452,0.0026772186633101,215443,2,3,0,0.01,5,1.6601796776520061
