L_slow,L_fast,L_diff,n,d,k,seed,subsample_size,steps
31.83157326244346,16.276253716607613,-15.555319545835847,138509,14,3,0,0.01,2
16.232336271043728,16.266791412125613,0.03445514108188519,138509,14,3,0,0.01,2
16.232336271043728,16.281194383528977,0.04885811248524874,138509,14,3,0,0.01,2
