L_slow,L_fast,L_diff,n,d,k,seed,subsample_size,steps,t_A,t_B,t_sketching,t_sampling
21.742198103525297,21.736775845522846,-0.005422258002450775,1000000,5,3,0,0.01,1,109.375,31.25,156.25,15.625
21.731766296751406,21.732270866071154,0.0005045693197480716,1000000,5,3,0,0.01,1,140.625,15.625,171.875,15.625
