L_slow,L_fast,L_diff,n,d,k,seed,subsample_size,steps
72.05515332536926,13.217050123518709,-58.83810320185055,241600,18,3,0,0.01,2
13.196540975410656,13.217050123518709,0.0205091481080526,241600,18,3,0,0.01,2
13.196540975410656,13.217050123518709,0.0205091481080526,241600,18,3,0,0.01,2
