L_slow,L_fast,L_diff,n,d,k,seed,subsample_size
4231.3720943029775,4017.7402602987195,-213.63183400425805,111753,9,4,0,0.01
3916.4862128628433,4017.7402602987195,101.25404743587615,111753,9,4,0,0.01
3916.4862128628433,4017.7402602987195,101.25404743587615,111753,9,4,0,0.01
