L_slow,L_fast,L_diff,n,d,k,seed,subsample_size,steps
63.82585924028805,63.84705325593349,0.021194015645441766,732977,17,4,0,0.01,6
63.82470463254599,63.84695167074514,0.02224703819915419,732977,17,4,0,0.01,6
63.82423404211189,63.847108754189605,0.022874712077715742,732977,17,4,0,0.01,6
63.82401786153034,63.8471398638109,0.023122002280558718,732977,17,4,0,0.01,6
63.82390192560031,63.847196184098834,0.023294258498523845,732977,17,4,0,0.01,6
63.823832841610304,63.84720182526892,0.02336898365861373,732977,17,4,0,0.01,6
63.823783351431246,63.84716236078855,0.023379009357306302,732977,17,4,0,0.01,6
