L_slow,L_fast,L_diff,n,d,k,seed,subsample_size,steps
8.320471340345739,8.339934885089887,0.019463544744148464,111753,9,3,0,0.01,1
8.320471340345739,8.339934885089887,0.019463544744148464,111753,9,3,0,0.01,1
