L_slow,L_fast,L_diff,n,d,k,seed,subsample_size,steps
53.38263187176085,17.77748681081359,-35.605145060947265,531441,12,3,0,0.01,2
17.76639531701719,17.77596087287765,0.009565555860461927,531441,12,3,0,0.01,2
17.76639531701719,17.77640004330984,0.010004726292653032,531441,12,3,0,0.01,2
