L_slow,L_fast,L_diff,n,d,k,seed,subsample_size,steps,t_A,t_B,t_sketching,t_sampling
15.133738373161258,14.259793532588485,-0.8739448405727721,1000000,5,6,0,0.01,4,203.125,31.25,234.375,15.625
14.245982436167134,13.315308041428523,-0.9306743947386114,1000000,5,6,0,0.01,4,234.375,31.25,218.75,15.625
12.266028765474926,12.508850601679674,0.2428218362047474,1000000,5,6,0,0.01,4,203.125,31.25,218.75,15.625
12.215843807456963,12.227142758611643,0.011298951154680381,1000000,5,6,0,0.01,4,234.375,15.625,234.375,15.625
12.21551720506545,12.216731731124021,0.0012145260585718631,1000000,5,6,0,0.01,4,218.75,31.25,203.125,31.25
