L_slow,L_fast,L_diff,n,d,k,seed,subsample_size,steps,t_A,t_B,t_sketching,t_sampling
2.1638474032601476,1.8693719734450496,-0.294475429815098,1000000,2,6,0,0.01,2,109.375,15.625,78.125,31.25
1.8669579995464651,1.8667313484793973,-0.0002266510670678734,1000000,2,6,0,0.01,2,93.75,0.0,93.75,31.25
1.8663495854884862,1.8668291354672613,0.00047954997877508454,1000000,2,6,0,0.01,2,93.75,15.625,78.125,15.625
