L_slow,L_fast,L_diff,n,d,k,seed,subsample_size,steps
39.56067997057806,13.929631777251535,-25.63104819332652,10738,15,3,0,0.01,2
13.623949904333276,13.929631777251535,0.30568187291825843,10738,15,3,0,0.01,2
13.623949904333276,13.929631777251535,0.30568187291825843,10738,15,3,0,0.01,2
