L_slow,L_fast,L_diff,n,d,k,seed,subsample_size,steps
38.071333566579185,17.370894492032203,-20.70043907454698,22784,17,3,0,0.01,2
17.18319130794481,17.367768909538633,0.18457760159382275,22784,17,3,0,0.01,2
17.18319130794481,17.455432676045596,0.2722413681007865,22784,17,3,0,0.01,2
