L_slow,L_fast,L_diff,n,d,k,seed,subsample_size,steps,t_A,t_B,t_sketching,t_sampling
1.5059957150382377,1.4241307640263574,-0.0818649510118803,1000000,2,9,0,0.01,2,203.125,0.0,125.0,15.625
1.4214704492300716,1.4291746496277555,0.007704200397683936,1000000,2,9,0,0.01,2,125.0,15.625,140.625,15.625
1.421122410088613,1.422852244073417,0.0017298339848039745,1000000,2,9,0,0.01,2,156.25,0.0,125.0,15.625
