L_slow,L_fast,L_diff,n,d,k,seed,subsample_size,steps,t_A,t_B,t_sketching,t_sampling
8.59381517823173,4.924578834128157,-3.669236344103572,100000,5,6,0,0.01,2,15.625,0.0,15.625,0.0
4.903030206921621,4.920956035133098,0.017925828211476258,100000,5,6,0,0.01,2,31.25,0.0,31.25,0.0
4.902078161052576,4.904842273894789,0.0027641128422128958,100000,5,6,0,0.01,2,31.25,0.0,31.25,15.625
