L_slow,L_fast,L_diff,n,d,k,seed,subsample_size,steps
9.890660360793568,5.624161830827693,-4.266498529965875,215443,5,3,0,0.01,3
5.620843161461804,5.624161830827693,0.003318669365889093,215443,5,3,0,0.01,3
5.615795657049467,5.624161830827693,0.008366173778226127,215443,5,3,0,0.01,3
5.615795654647305,5.624161830827693,0.008366176180388152,215443,5,3,0,0.01,3
