L_slow,L_fast,L_diff,n,d,k,seed,subsample_size,steps
64.0399740916503,18.573034921680495,-45.4669391699698,22784,17,4,0,0.01,2
18.341902345893356,18.573791597325588,0.23188925143223216,22784,17,4,0,0.01,2
18.341902345893356,,,22784,17,4,0,0.01,2
