L_slow,L_fast,L_diff,n,d,k,seed,subsample_size,steps
64.67145694213795,16.83843842181958,-47.833018520318376,241600,18,5,0,0.01,2
16.80015323083147,16.83843842181958,0.03828519098810901,241600,18,5,0,0.01,2
16.80015323083147,16.83843842181958,0.03828519098810901,241600,18,5,0,0.01,2
