L_slow,L_fast,L_diff,n,d,k,seed,subsample_size,steps,t_A,t_B,t_sketching,t_sampling
7.723786633828104,7.565978256766937,-0.15780837706116735,40768,11,5,0,0.01,7,0.0,0.0,46.875,0.0
7.45120106637314,7.4630525569252155,0.011851490552075461,40768,11,5,0,0.01,7,15.625,0.0,31.25,0.0
7.436581634930285,7.464970015378307,0.028388380448022055,40768,11,5,0,0.01,7,15.625,0.0,15.625,0.0
7.42633720171715,7.426995857509417,0.0006586557922672043,40768,11,5,0,0.01,7,15.625,0.0,15.625,0.0
7.418025366993556,7.458208790961291,0.04018342396773544,40768,11,5,0,0.01,7,15.625,0.0,31.25,0.0
7.411399747763537,7.387759926951627,-0.023639820811909296,40768,11,5,0,0.01,7,15.625,0.0,15.625,0.0
7.364608072156441,7.3819654587831876,0.01735738662674624,40768,11,5,0,0.01,7,15.625,0.0,31.25,0.0
7.363568818141281,7.400113825069735,0.036545006928454526,40768,11,5,0,0.01,7,15.625,0.0,15.625,0.0
