L_slow,L_fast,L_diff,n,d,k,seed,subsample_size,steps
39.885008869407805,17.004991328597434,-22.88001754081037,241600,18,4,0,0.01,2
16.972072575395348,17.004991328597434,0.03291875320208604,241600,18,4,0,0.01,2
16.972072575395348,17.004991328597434,0.03291875320208604,241600,18,4,0,0.01,2
