L_slow,L_fast,L_diff,n,d,k,seed,subsample_size,steps
19.29280616991711,14.10101185316795,-5.19179431674916,59049,10,3,0,0.01,2
14.012374905037287,14.080242190381714,0.06786728534442688,59049,10,3,0,0.01,2
14.012374905037287,14.100822254234377,0.08844734919708941,59049,10,3,0,0.01,2
