L_slow,L_fast,L_diff,n,d,k,seed,subsample_size,steps
9.477325248920806,4.600391309423202,-4.876933939497604,89640,5,5,0,0.01,2
4.582002022009166,4.596275684131783,0.014273662122616493,89640,5,5,0,0.01,2
4.582001922417945,4.60256588317919,0.020563960761244893,89640,5,5,0,0.01,2
