L_slow,L_fast,L_diff,n,d,k,seed,subsample_size,steps
11.443424398452551,11.498110322216714,0.054685923764163036,138509,14,4,0,0.01,1
11.443424398452551,11.498110322216714,0.054685923764163036,138509,14,4,0,0.01,1
