L_slow,L_fast,L_diff,n,d,k,seed,subsample_size,steps
1132449456473531.0,251246019684.87292,-1132198210453846.2,104820,7,3,0,0.01,3
249081284418.09305,249451786725.2781,370502307.1850586,104820,7,3,0,0.01,3
249081012461.47626,249287564132.1207,206551670.6444397,104820,7,3,0,0.01,3
249081000579.49554,249435625037.4803,354624457.9847412,104820,7,3,0,0.01,3
