L_slow,L_fast,L_diff,n,d,k,seed,subsample_size,steps
73.9499206494217,77.03484071451936,3.0849200650976627,12455,13,3,0,0.01,3
73.94351258082217,18.292880767672745,-55.65063181314943,12455,13,3,0,0.01,3
17.656567535991854,18.05038387675056,0.3938163407587041,12455,13,3,0,0.01,3
17.656567535991854,74.32437594917108,56.66780841317923,12455,13,3,0,0.01,3
