L_slow,L_fast,L_diff,n,d,k,seed,subsample_size,steps
45.378807216854504,8.986608537760402,-36.3921986790941,22784,9,5,0,0.01,4
24.773056070401122,8.986608537760402,-15.78644753264072,22784,9,5,0,0.01,4
8.871076669579923,8.986608537760402,0.11553186818047934,22784,9,5,0,0.01,4
8.765674726438284,8.986608537760402,0.22093381132211753,22784,9,5,0,0.01,4
8.765674726438284,8.986608537760402,0.22093381132211753,22784,9,5,0,0.01,4
