L_slow,L_fast,L_diff,n,d,k,seed,subsample_size,steps,t_A,t_B,t_sketching,t_sampling
4.828831542190215,4.746281324874534,-0.08255021731568046,10000000,8,9,0,0.01,1,3671.875,562.5,4218.75,203.125
4.745994925323845,4.748246389795726,0.0022514644718816257,10000000,8,9,0,0.01,1,3937.5,531.25,4125.0,187.5
