L_slow,L_fast,L_diff,n,d,k,seed,subsample_size,steps
17.14654235765297,17.147710035194905,0.0011676775419360297,100000,3,3,0,0.01,4
17.134519735734013,17.143563933790805,0.009044198056791686,100000,3,3,0,0.01,4
17.13411278183303,17.14070745831416,0.006594676481132211,100000,3,3,0,0.01,4
17.13408932084375,17.135560341820394,0.0014710209766448656,100000,3,3,0,0.01,4
17.134086790174827,17.150104574362977,0.016017784188150586,100000,3,3,0,0.01,4
