L_slow,L_fast,L_diff,n,d,k,seed,subsample_size,steps
541.0681563848051,529.0875714172248,-11.980584967580285,581835,10,3,0,0.01,5
529.9323900342424,529.0875714172248,-0.8448186170176086,581835,10,3,0,0.01,5
528.9166017333824,529.0875714172248,0.17096968384237243,581835,10,3,0,0.01,5
528.7088343717628,529.0875714172248,0.37873704546200315,581835,10,3,0,0.01,5
528.7046221080518,529.0875714172248,0.3829493091730001,581835,10,3,0,0.01,5
528.7045950140886,529.0875714172248,0.38297640313624015,581835,10,3,0,0.01,5
