L_slow,L_fast,L_diff,n,d,k,seed,subsample_size
5.384184943722077,4.548533336782253,-0.8356516069398241,100000,3,3,0,0.01
4.581661855185549,4.548533336782253,-0.03312851840329589,100000,3,3,0,0.01
4.538218672517574,4.548533336782253,0.010314664264678974,100000,3,3,0,0.01
4.536291028988362,4.548533336782253,0.012242307793890461,100000,3,3,0,0.01
4.536205685039989,4.548533336782253,0.01232765174226369,100000,3,3,0,0.01
4.536201384200018,4.548533336782253,0.012331952582234962,100000,3,3,0,0.01
4.536200635205915,4.548533336782253,0.012332701576337257,100000,3,3,0,0.01
4.5362005291860985,4.548533336782253,0.012332807596154183,100000,3,3,0,0.01
4.5362005291860985,4.548533336782253,0.012332807596154183,100000,3,3,0,0.01
