L_slow,L_fast,L_diff,n,d,k,seed,subsample_size,steps,t_A,t_B,t_sketching,t_sampling
10.316887264417385,9.406000161512049,-0.9108871029053365,40768,11,3,0,0.01,2,0.0,0.0,0.0,0.0
9.323511543057185,9.35577788436463,0.032266341307444435,40768,11,3,0,0.01,2,0.0,15.625,31.25,0.0
9.31886107767593,9.332917979767265,0.014056902091335033,40768,11,3,0,0.01,2,15.625,0.0,31.25,0.0
