L_slow,L_fast,L_diff,n,d,k,seed,subsample_size,steps
4.255133430472125,4.061257500115694,-0.19387593035643125,100000,3,4,0,0.01,3
4.0552897033772926,4.079159336242144,0.023869632864851553,100000,3,4,0,0.01,3
4.055216920496458,4.06524544758056,0.010028527084101846,100000,3,4,0,0.01,3
4.055212912533493,4.067537807864488,0.012324895330994678,100000,3,4,0,0.01,3
