L_slow,L_fast,L_diff,n,d,k,seed,subsample_size,steps
28.152265925000066,12.803673161289387,-15.348592763710679,22784,9,4,0,0.01,2
12.55442751740379,12.803673161289387,0.24924564388559745,22784,9,4,0,0.01,2
12.55442751740379,12.803673161289387,0.24924564388559745,22784,9,4,0,0.01,2
