L_slow,L_fast,L_diff,n,d,k,seed,subsample_size,steps
13.060740811043132,13.196611994382499,0.13587118333936665,40768,11,3,0,0.01,1
13.060740811043132,,,40768,11,3,0,0.01,1
