L_slow,L_fast,L_diff,n,d,k,seed,subsample_size,steps
63.82585924028805,18.36051307895532,-45.465346161332725,732977,17,4,0,0.01,2
18.34999178274727,18.3583141397137,0.00832235696642769,732977,17,4,0,0.01,2
18.34999178274727,18.36249078562217,0.012499002874900356,732977,17,4,0,0.01,2
