L_slow,L_fast,L_diff,n,d,k,seed,subsample_size,steps
76.20469248745374,72.22976852736068,-3.974923960093065,10738,15,4,0,0.01,3
70.79879092700058,12.664247990646722,-58.13454293635386,10738,15,4,0,0.01,3
12.049660993018815,,,10738,15,4,0,0.01,3
12.049660993018815,12.47768571268446,0.42802471966564504,10738,15,4,0,0.01,3
