L_slow,L_fast,L_diff,n,d,k,seed,subsample_size,steps,t_A,t_B,t_sketching,t_sampling
1.5570624257241257,1.4372592282665357,-0.11980319745758994,100000,2,9,0,0.01,5,0.0,0.0,15.625,0.0
1.428620163386916,1.430128832908794,0.0015086695218780033,100000,2,9,0,0.01,5,15.625,0.0,15.625,15.625
1.4259045996790833,1.4237344562004195,-0.002170143478663844,100000,2,9,0,0.01,5,0.0,0.0,15.625,15.625
1.4199586708568692,1.4197035114135972,-0.000255159443272035,100000,2,9,0,0.01,5,0.0,15.625,15.625,0.0
1.4175045519918192,1.4223853002000106,0.004880748208191399,100000,2,9,0,0.01,5,15.625,0.0,15.625,0.0
1.4168703110252368,1.424312908591537,0.007442597566300169,100000,2,9,0,0.01,5,15.625,0.0,15.625,0.0
