L_slow,L_fast,L_diff,n,d,k,seed,subsample_size,steps
22.51712334398197,21.500966244523095,-1.0161570994588764,104820,7,4,0,0.01,5
21.48913963873877,21.52649276523723,0.03735312649845923,104820,7,4,0,0.01,5
21.488958015276822,,,104820,7,4,0,0.01,5
21.488854604502144,6.365889255952476,-15.122965348549668,104820,7,4,0,0.01,5
6.328368315974459,6.345883251261229,0.01751493528677006,104820,7,4,0,0.01,5
6.328368315974459,6.344599083746098,0.016230767771638455,104820,7,4,0,0.01,5
