L_slow,L_fast,L_diff,n,d,k,seed,subsample_size,steps
1.9087157686621556,1.6586234179345156,-0.25009235072764,46415,2,3,0,0.01,6
1.6559088867857528,1.662981809726072,0.007072922940319248,46415,2,3,0,0.01,6
1.6555254594004662,1.6595082406196588,0.003982781219192599,46415,2,3,0,0.01,6
1.6554129594174454,1.6567870853191526,0.0013741259017072682,46415,2,3,0,0.01,6
1.6553870484355968,1.658161317303806,0.0027742688682090844,46415,2,3,0,0.01,6
1.6553809902218377,1.6604500621666318,0.005069071944794112,46415,2,3,0,0.01,6
1.6553797428713957,1.6575595427509109,0.0021797998795152207,46415,2,3,0,0.01,6
