L_slow,L_fast,L_diff,n,d,k,seed,subsample_size,steps,t_A,t_B,t_sketching,t_sampling
7.3554567403017925,5.395098118788584,-1.9603586215132083,1000000,2,6,0,0.01,1,125.0,15.625,93.75,15.625
5.392989107299077,5.394326725313095,0.0013376180140181049,1000000,2,6,0,0.01,1,109.375,0.0,62.5,15.625
