L_slow,L_fast,L_diff,n,d,k,seed,subsample_size,steps,t_A,t_B,t_sketching,t_sampling
8.8119484420563,8.69642662734323,-0.11552181471306966,1000000,5,9,0,0.01,1,281.25,31.25,234.375,31.25
8.69273380071402,8.696387287071515,0.0036534863574946286,1000000,5,9,0,0.01,1,265.625,31.25,265.625,15.625
