L_slow,L_fast,L_diff,n,d,k,seed,subsample_size,steps
31.83157326244346,16.27176629668278,-15.559806965760679,138509,14,3,0,0.01,2
16.232336271043728,16.27176629668278,0.03943002563905296,138509,14,3,0,0.01,2
16.232336271043728,16.27176629668278,0.03943002563905296,138509,14,3,0,0.01,2
