L_slow,L_fast,L_diff,n,d,k,seed,subsample_size,steps
20.776349665531267,36.72727136553728,15.95092170000601,138509,14,5,0,0.01,2
14.210975451371905,,,138509,14,5,0,0.01,2
14.210975451371905,14.270646231089021,0.05967077971711632,138509,14,5,0,0.01,2
