L_slow,L_fast,L_diff,n,d,k,seed,subsample_size,steps,t_A,t_B,t_sketching,t_sampling
2.041016996747189,1.420604435353119,-0.6204125613940701,10000000,2,9,0,0.01,1,1906.25,109.375,1390.625,203.125
1.4204483999920818,1.420362768105189,-8.563188689292289e-05,10000000,2,9,0,0.01,1,1328.125,93.75,1468.75,203.125
