L_slow,L_fast,L_diff,n,d,k,seed,subsample_size,steps,t_A,t_B,t_sketching,t_sampling
45.9099251999099,45.83156703556119,-0.0783581643487068,10000000,8,6,0,0.01,1,2312.5,609.375,3437.5,187.5
45.82938066768351,45.832458712168204,0.003078044484695397,10000000,8,6,0,0.01,1,3062.5,562.5,3453.125,187.5
