L_slow,L_fast,L_diff,n,d,k,seed,subsample_size,steps
4.090908091646964,3.341040576619961,-0.7498675150270024,100000,3,4,0,0.01,4
3.3314044304561317,3.334652155021802,0.0032477245656701292,100000,3,4,0,0.01,4
3.3309804318913177,4.571458527731491,1.2404780958401735,100000,3,4,0,0.01,4
3.33093684664042,3.33716040894271,0.006223562302289931,100000,3,4,0,0.01,4
3.330933695885016,5.786452008913284,2.455518313028268,100000,3,4,0,0.01,4
