L_slow,L_fast,L_diff,n,d,k,seed,subsample_size,steps
20.776349665531267,14.260068145533982,-6.516281519997285,138509,14,5,0,0.01,2
14.210975451371905,14.264859798915827,0.05388434754392257,138509,14,5,0,0.01,2
14.210975451371905,14.280616552576847,0.06964110120494205,138509,14,5,0,0.01,2
