L_slow,L_fast,L_diff,n,d,k,seed,subsample_size,steps,t_A,t_B,t_sketching,t_sampling
4.788654048521671,4.759949002426104,-0.0287050460955669,1000000,8,9,0,0.01,1,343.75,46.875,406.25,31.25
4.757047304567727,4.758632643112409,0.0015853385446824575,1000000,8,9,0,0.01,1,390.625,62.5,453.125,31.25
