L_slow,L_fast,L_diff,n,d,k,seed,subsample_size,steps,t_A,t_B,t_sketching,t_sampling
1146757886.2005906,1276362774.9849064,129604888.78431582,22784,9,4,0,0.01,5,0.0,0.0,0.0,0.0
1114505372.3538566,975971903.0299977,-138533469.32385886,22784,9,4,0,0.01,5,0.0,0.0,46.875,0.0
953684849.4504477,940301300.390898,-13383549.05954969,22784,9,4,0,0.01,5,15.625,0.0,15.625,0.0
930011161.3367991,938347089.3177125,8335927.980913401,22784,9,4,0,0.01,5,15.625,0.0,15.625,0.0
928357229.6474383,933988072.9748195,5630843.327381253,22784,9,4,0,0.01,5,15.625,0.0,15.625,0.0
927474225.8995174,934440700.0927774,6966474.193259954,22784,9,4,0,0.01,5,15.625,0.0,15.625,0.0
