L_slow,L_fast,L_diff,n,d,k,seed,subsample_size,steps
14.499818390770082,5.6399688203155725,-8.85984957045451,89640,5,3,0,0.01,2
5.62617770859807,5.641149866473147,0.014972157875076775,89640,5,3,0,0.01,2
5.6261774918025695,5.64349278216887,0.01731529036630075,89640,5,3,0,0.01,2
