L_slow_list,L_fast_list,L_diff_list
2.988011449959991,2.0765388692422846,-0.9114725807177062
2.3357824146885235,2.0765388692422846,-0.25924354544623895
2.0446765001366662,2.0765388692422846,0.03186236910561835
2.044035868210735,2.0765388692422846,0.03250300103154968
2.044030340650517,2.0765388692422846,0.03250852859176767
2.044030340650517,2.0765388692422846,0.03250852859176767
