L_slow,L_fast,L_diff,n,d,k,seed,subsample_size,steps
634042868.7730962,436188760.27838445,-197854108.49471176,110527,8,5,0,0.01,5
431298723.5710189,428214348.9064482,-3084374.664570689,110527,8,5,0,0.01,5
427133085.863608,430967924.29206437,3834838.428456366,110527,8,5,0,0.01,5
426920720.64355314,431315146.6018077,4394425.958254576,110527,8,5,0,0.01,5
426880985.4156179,429910765.61514384,3029780.1995259523,110527,8,5,0,0.01,5
426879705.03862405,430018967.4693333,3139262.430709243,110527,8,5,0,0.01,5
