L_slow,L_fast,L_diff,n,d,k,seed,subsample_size,steps
20.776349665531267,14.273934996071754,-6.5024146694595135,138509,14,5,0,0.01,2
14.210975451371905,14.273934996071754,0.06295954469984899,138509,14,5,0,0.01,2
14.210975451371905,14.273934996071754,0.06295954469984899,138509,14,5,0,0.01,2
