L_slow,L_fast,L_diff,n,d,k,seed,subsample_size,steps,t_A,t_B,t_sketching,t_sampling
4.609351241105796,4.493873572815665,-0.11547766829013106,10000000,5,9,0,0.01,1,3250.0,328.125,3031.25,234.375
4.493566401403661,4.495632549807229,0.00206614840356778,10000000,5,9,0,0.01,1,2796.875,343.75,3046.875,187.5
