L_slow,L_fast,L_diff,n,d,k,seed,subsample_size,steps
38.071333566579185,17.38017229955706,-20.691161267022125,22784,17,3,0,0.01,2
17.18319130794481,17.38017229955706,0.19698099161225002,22784,17,3,0,0.01,2
17.18319130794481,17.38017229955706,0.19698099161225002,22784,17,3,0,0.01,2
