L_slow,L_fast,L_diff,n,d,k,seed,subsample_size,steps
72.05515332536926,13.213318699354591,-58.84183462601467,241600,18,3,0,0.01,2
13.196540975410656,13.212800116320922,0.016259140910266368,241600,18,3,0,0.01,2
13.196540975410656,13.213620391285335,0.017079415874679427,241600,18,3,0,0.01,2
