L_slow,L_fast,L_diff,n,d,k,seed,subsample_size,steps,t_A,t_B,t_sketching,t_sampling
21.310827529290737,21.310424298787243,-0.0004032305034940009,1000000,8,6,0,0.01,1,218.75,62.5,343.75,15.625
21.307587390028512,21.310511949881487,0.002924559852974795,1000000,8,6,0,0.01,1,312.5,46.875,312.5,15.625
