L_slow,L_fast,L_diff,n,d,k,seed,subsample_size,steps,t_A,t_B,t_sketching,t_sampling
4.5175762300564095,4.049549666742113,-0.4680265633142966,10000000,2,3,0,0.01,1,687.5,109.375,843.75,203.125
4.0492694950679216,4.049317065771123,4.7570703201493814e-05,10000000,2,3,0,0.01,1,750.0,93.75,843.75,203.125
