L_slow,L_fast,L_diff,n,d,k,seed,subsample_size,steps,t_A,t_B,t_sketching,t_sampling
18.64374014236346,9.752488824492703,-8.891251317870756,100000,5,9,0,0.01,2,62.5,0.0,31.25,0.0
9.710334622488814,9.737077727022497,0.026743104533682782,100000,5,9,0,0.01,2,15.625,0.0,31.25,0.0
9.709778209393667,9.718715234792615,0.00893702539894825,100000,5,9,0,0.01,2,46.875,0.0,15.625,0.0
