L_slow,L_fast,L_diff,n,d,k,seed,subsample_size,steps
19.9953454456336,10.307631008403176,-9.687714437230424,20867,12,5,0,0.01,2
10.095404905323814,10.342386497849903,0.24698159252608853,20867,12,5,0,0.01,2
10.095404905323814,10.31658736488919,0.22118245956537486,20867,12,5,0,0.01,2
