L_slow,L_fast,L_diff,n,d,k,seed,subsample_size,steps
50.874029005646236,,,22784,17,5,0,0.01,6
50.636612369807054,77.8754715176684,27.238859147861348,22784,17,5,0,0.01,6
50.607427962881,,,22784,17,5,0,0.01,6
50.5905752741239,,,22784,17,5,0,0.01,6
50.58382593579161,14.473863306517114,-36.10996262927449,22784,17,5,0,0.01,6
14.174452042480011,,,22784,17,5,0,0.01,6
14.174452042480011,14.386751723370264,0.21229968089025242,22784,17,5,0,0.01,6
