L_slow,L_fast,L_diff,n,d,k,seed,subsample_size,steps
17.26855084989405,4.741701173698431,-12.52684967619562,1000000,4,3,0,0.01,5
7.8475489751889596,4.741701173698431,-3.105847801490529,1000000,4,3,0,0.01,5
4.759031360100398,4.741701173698431,-0.01733018640196704,1000000,4,3,0,0.01,5
4.73943214278843,4.741701173698431,0.0022690309100008577,1000000,4,3,0,0.01,5
4.739411209195118,4.741701173698431,0.00228996450331298,1000000,4,3,0,0.01,5
4.739411174908274,4.741701173698431,0.0022899987901565666,1000000,4,3,0,0.01,5
