L_slow,L_fast,L_diff,n,d,k,seed,subsample_size,steps,t_A,t_B,t_sketching,t_sampling
9.544838890117763,6.648073165634059,-2.8967657244837044,1000000,8,9,0,0.01,1,343.75,46.875,390.625,15.625
6.644405218838763,6.6465578912076655,0.0021526723689024863,1000000,8,9,0,0.01,1,375.0,46.875,406.25,31.25
