L_slow,L_fast,L_diff,n,d,k,seed,subsample_size,steps
65.1411140417142,8.423547286731857,-56.71756675498234,22784,9,3,0,0.01,2
8.293733658300821,8.44174685697473,0.14801319867390816,22784,9,3,0,0.01,2
8.293733658300821,8.478741549137345,0.18500789083652336,22784,9,3,0,0.01,2
