L_slow,L_fast,L_diff,n,d,k,seed,subsample_size,steps
8.320471340345739,8.343690556379691,0.023219216033952605,111753,9,3,0,0.01,1
8.320471340345739,8.3477900214644,0.027318681118661203,111753,9,3,0,0.01,1
