L_slow,L_fast,L_diff,n,d,k,seed,subsample_size,steps
34.81798954959512,7.45249497872519,-27.365494570869927,59049,10,4,0,0.01,2
7.408476546033473,7.451003999920128,0.04252745388665513,59049,10,4,0,0.01,2
7.408476546033473,7.452827480562584,0.04435093452911065,59049,10,4,0,0.01,2
