L_slow,L_fast,L_diff,n,d,k,seed,subsample_size,steps
15.868270466621247,5.651169468237509,-10.217100998383739,46415,5,3,0,0.01,3
5.7431966498445695,5.651169468237509,-0.0920271816070608,46415,5,3,0,0.01,3
5.612722409642298,5.651169468237509,0.038447058595211026,46415,5,3,0,0.01,3
5.612720320425999,5.651169468237509,0.038449147811509654,46415,5,3,0,0.01,3
