,L_slow,L_fast,L_diff,n,d,k,seed,subsample_size,steps,L_opt
0,4.090908091646964,3.3375492691947324,-0.7533588224522312,100000,3,4,0,0.01,5,3.3309334210092505
1,3.566847361882272,3.3375492691947324,-0.2292980926875394,100000,3,4,0,0.01,5,3.3309334210092505
2,3.390139907686448,3.3375492691947324,-0.0525906384917149,100000,3,4,0,0.01,5,3.3309334210092505
3,3.3441645108201943,3.3375492691947324,-0.0066152416254618,100000,3,4,0,0.01,5,3.3309334210092505
4,3.333739172582833,3.3375492691947324,0.0038100966118994,100000,3,4,0,0.01,5,3.3309334210092505
5,3.3315278418113965,3.3375492691947324,0.0060214273833358,100000,3,4,0,0.01,5,3.3309334210092505
