L_slow,L_fast,L_diff,n,d,k,seed,subsample_size,steps
13.25680686698394,13.32348739610329,0.06668052911935085,40768,11,4,0,0.01,1
13.25680686698394,13.32348739610329,0.06668052911935085,40768,11,4,0,0.01,1
