L_slow,L_fast,L_diff,n,d,k,seed,subsample_size,steps
8.01500985960526,8.017489063731901,0.0024792041266401554,761940,6,3,0,0.01,1
8.01500751286437,8.018209280094709,0.0032017672303386036,761940,6,3,0,0.01,1
