L_slow,L_fast,L_diff,n,d,k,seed,subsample_size,steps,t_A,t_B,t_sketching,t_sampling
72.33556012418721,72.1848731831637,-0.15068694102350833,10000000,8,3,0,0.01,1,1218.75,625.0,2656.25,218.75
72.17981486825663,72.18127771881939,0.0014628505627598543,10000000,8,3,0,0.01,1,2265.625,609.375,2671.875,187.5
