L_slow,L_fast,L_diff,n,d,k,seed,subsample_size,steps,t_A,t_B,t_sketching,t_sampling
15.060066520634752,7.969675810343247,-7.090390710291505,10738,15,4,0,0.01,6,0.0,0.0,0.0,0.0
7.7250328861267965,7.638667313095671,-0.08636557303112546,10738,15,4,0,0.01,6,0.0,0.0,46.875,0.0
7.2295327724407565,7.538152009413678,0.3086192369729215,10738,15,4,0,0.01,6,0.0,0.0,15.625,0.0
7.101881841884271,7.236854522207523,0.13497268032325138,10738,15,4,0,0.01,6,15.625,0.0,0.0,0.0
7.018178511774088,6.917431847727227,-0.10074666404686106,10738,15,4,0,0.01,6,0.0,0.0,15.625,0.0
6.772262135988046,7.05036030407364,0.2780981680855934,10738,15,4,0,0.01,6,15.625,0.0,15.625,0.0
6.768108090888045,6.961840950770115,0.19373285988206934,10738,15,4,0,0.01,6,0.0,0.0,15.625,0.0
