L_slow,L_fast,L_diff,n,d,k,seed,subsample_size,steps
106957520.75746673,99535484.01130614,-7422036.746160597,111753,9,3,0,0.01,1
99436174.29639101,99452485.27711755,16310.980726540089,111753,9,3,0,0.01,1
