,L_slow,L_fast,L_diff,n,d,k,seed,subsample_size,steps,L_opt
0,10.811695721733436,10.778624279441928,-0.0330714422915079,1000000,4,3,0,0.01,2,4.739411174991541
1,10.78576437064209,10.778624279441928,-0.0071400912001617,1000000,4,3,0,0.01,2,4.739411174991541
2,10.782483956543876,10.778658367984278,-0.0038255885595983,1000000,4,3,0,0.01,2,4.739411174991541
