L_slow,L_fast,L_diff,n,d,k,seed,subsample_size,steps
7.897766857509402,4.303105705553353,-3.594661151956049,100000,3,4,0,0.01,4
4.299306905554451,4.306779943326152,0.007473037771701385,100000,3,4,0,0.01,4
4.299192928008788,6.801507459134441,2.502314531125653,100000,3,4,0,0.01,4
4.2991752266688135,4.309466819325363,0.01029159265654922,100000,3,4,0,0.01,4
4.299173550291219,4.307394873139761,0.00822132284854149,100000,3,4,0,0.01,4
