L_slow,L_fast,L_diff,n,d,k,seed,subsample_size,steps
64.3451002823226,8.227789979356908,-56.1173103029657,10081,7,3,0,0.01,3
13.839269307800102,8.227789979356908,-5.611479328443194,10081,7,3,0,0.01,3
8.00771827553278,8.227789979356908,0.22007170382412866,10081,7,3,0,0.01,3
8.00771827553278,8.227789979356908,0.22007170382412866,10081,7,3,0,0.01,3
