L_slow,L_fast,L_diff,n,d,k,seed,subsample_size,steps
9.110017251042471,9.14601737442385,0.03600012338137937,110527,8,4,0,0.01,1
9.110017251042471,9.13676016985326,0.02674291881078794,110527,8,4,0,0.01,1
