L_slow,L_fast,L_diff,n,d,k,seed,subsample_size,steps
19.9953454456336,10.307631008403176,-9.687714437230424,20867,12,5,0,0.01,2
10.095404905323814,10.278354813102892,0.1829499077790775,20867,12,5,0,0.01,2
10.095404905323814,10.223060362297163,0.1276554569733488,20867,12,5,0,0.01,2
