L_slow,L_fast,L_diff,n,d,k,seed,subsample_size,steps
2.29049654519829,1.6631738144183452,-0.6273227307799449,215443,2,3,0,0.01,8
1.66083106591444,1.6627680876227686,0.0019370217083285457,215443,2,3,0,0.01,8
1.6603756050231269,1.6616334769254113,0.0012578719022844354,215443,2,3,0,0.01,8
1.6602509404592642,1.6623050014070113,0.0020540609477470717,215443,2,3,0,0.01,8
1.6602086839620849,1.6618330364600589,0.001624352497973991,215443,2,3,0,0.01,8
1.6601923836856909,1.6655267187725313,0.005334335086840447,215443,2,3,0,0.01,8
1.6601846843554178,1.6649063748971293,0.004721690541711565,215443,2,3,0,0.01,8
1.6601817568519253,1.666840920527834,0.006659163675908797,215443,2,3,0,0.01,8
1.6601803911938144,1.663229127924878,0.0030487367310636504,215443,2,3,0,0.01,8
