L_slow,L_fast,L_diff,n,d,k,seed,subsample_size,steps,t_A,t_B,t_sketching,t_sampling
1.0691506319146633,0.9787791356687978,-0.09037149624586549,10000000,2,6,0,0.01,1,1328.125,109.375,1140.625,203.125
0.978704997494805,0.9787292030801842,2.4205585379188932e-05,10000000,2,6,0,0.01,1,1046.875,93.75,1062.5,187.5
