L_slow,L_fast,L_diff,n,d,k,seed,subsample_size,steps,t_A,t_B,t_sketching,t_sampling
2.342843163284876,1.9217965542964512,-0.42104660898842483,100000,2,9,0,0.01,3,0.0,0.0,15.625,0.0
1.914921732541547,1.9176122869317949,0.00269055439024779,100000,2,9,0,0.01,3,15.625,0.0,15.625,15.625
1.9129310690177534,1.91646951968395,0.003538450666196624,100000,2,9,0,0.01,3,0.0,0.0,15.625,0.0
1.9119354162188762,1.9143275808867342,0.0023921646678579656,100000,2,9,0,0.01,3,0.0,15.625,0.0,15.625
