L_slow,L_fast,L_diff,n,d,k,seed,subsample_size,steps,t_A,t_B,t_sketching,t_sampling
4.9062617789838425,4.89854946516746,-0.007712313816382377,100000,8,9,0,0.01,2,31.25,0.0,31.25,0.0
4.878801468829187,4.893671178145053,0.01486970931586562,100000,8,9,0,0.01,2,31.25,15.625,31.25,0.0
4.878088416820758,4.8848233003304244,0.006734883509666112,100000,8,9,0,0.01,2,46.875,0.0,31.25,0.0
