L_slow,L_fast,L_diff,n,d,k,seed,subsample_size,steps
16.974351274250115,7.1295654516003,-9.844785822649815,100000,3,4,0,0.01,3
7.1168750700483265,7.129581214479243,0.012706144430916666,100000,3,4,0,0.01,3
7.1168576231106035,7.127615451750798,0.010757828640194589,100000,3,4,0,0.01,3
7.116857501190396,7.118862367241916,0.002004866051519727,100000,3,4,0,0.01,3
