L_slow,L_fast,L_diff,n,d,k,seed,subsample_size,steps
13.408432614852954,17.151991636078023,3.743559021225069,761940,6,5,0,0.01,3
13.407644631055758,6.883249248207136,-6.524395382848622,761940,6,5,0,0.01,3
6.880597393608284,6.883362810947476,0.002765417339192666,761940,6,5,0,0.01,3
6.880597392101335,6.887058149141547,0.00646075704021154,761940,6,5,0,0.01,3
