L_slow,L_fast,L_diff,n,d,k,seed,subsample_size,steps
17.19033290161642,17.19846559298625,0.008132691369830525,732977,17,3,0,0.01,1
17.19033290161642,17.19846559298625,0.008132691369830525,732977,17,3,0,0.01,1
