L_slow,L_fast,L_diff,n,d,k,seed,subsample_size,steps,t_A,t_B,t_sketching,t_sampling
25.545867297360935,12.272586015956666,-13.27328128140427,100000,5,6,0,0.01,2,15.625,0.0,15.625,0.0
12.239609097102612,12.259994985388326,0.020385888285714415,100000,5,6,0,0.01,2,15.625,0.0,31.25,0.0
12.239601443716047,12.26337787053516,0.023776426819113183,100000,5,6,0,0.01,2,31.25,0.0,31.25,15.625
