L_slow,L_fast,L_diff,n,d,k,seed,subsample_size,steps
1125456858620161.6,251164155721.0588,-1125205694464440.6,104820,7,4,0,0.01,3
248999343258.38593,249369594637.65265,370251379.26672363,104820,7,4,0,0.01,3
248999018447.60632,249205546232.4393,206527784.8329773,104820,7,4,0,0.01,3
248998986787.67468,249353936673.02722,354949885.35253906,104820,7,4,0,0.01,3
