L_slow_list,L_fast_list,L_diff_list
3.6346458031419147,2.041976628131479,-1.5926691750104358
3.5486969888811215,2.041976628131479,-1.5067203607496427
3.0787814310253783,2.041976628131479,-1.0368048028938994
2.122951300646625,2.041976628131479,-0.08097467251514612
2.040301913208364,2.041976628131479,0.001674714923114884
2.0402606835251644,2.041976628131479,0.0017159446063144124
2.0402607246566684,2.041976628131479,0.0017159034748104318
2.0402607246566684,2.041976628131479,0.0017159034748104318
