L_slow,L_fast,L_diff,n,d,k,seed,subsample_size,steps
19.29280616991711,14.094306600098644,-5.198499569818466,59049,10,3,0,0.01,3
14.012841530189803,14.094306600098644,0.08146506990884106,59049,10,3,0,0.01,3
14.012374905037287,14.094306600098644,0.08193169506135689,59049,10,3,0,0.01,3
14.012374905037287,14.094306600098644,0.08193169506135689,59049,10,3,0,0.01,3
