L_slow,L_fast,L_diff,n,d,k,seed,subsample_size,steps
9.477325248920806,4.6066176384817865,-4.87070761043902,89640,5,5,0,0.01,5
6.967000564480467,4.6066176384817865,-2.360382925998681,89640,5,5,0,0.01,5
4.727809008473577,4.6066176384817865,-0.12119136999179059,89640,5,5,0,0.01,5
4.58216603778814,4.6066176384817865,0.024451600693646824,89640,5,5,0,0.01,5
4.5820019685196165,4.6066176384817865,0.024615669962170017,89640,5,5,0,0.01,5
4.582001901987124,4.6066176384817865,0.02461573649466242,89640,5,5,0,0.01,5
