L_slow,L_fast,L_diff,n,d,k,seed,subsample_size,steps
8.007429405130345,8.01100024860071,0.0035708434703654035,100000,3,3,0,0.01,3
8.004025086458848,8.010795315628,0.006770229169152486,100000,3,3,0,0.01,3
8.003949126978123,8.00938973582642,0.005440608848298112,100000,3,3,0,0.01,3
8.00394682709968,8.010964555748421,0.007017728648740729,100000,3,3,0,0.01,3
