L_slow,L_fast,L_diff,n,d,k,seed,subsample_size,steps,t_A,t_B,t_sketching,t_sampling
33.74246802147196,33.49563260942052,-0.2468354120514391,10000000,8,6,0,0.01,1,2312.5,625.0,3453.125,187.5
33.49490197445676,33.49656881725925,0.0016668428024928517,10000000,8,6,0,0.01,1,3015.625,593.75,3484.375,187.5
