L_slow,L_fast,L_diff,n,d,k,seed,subsample_size,steps,t_A,t_B,t_sketching,t_sampling
9.14923878537513,5.626120230822677,-3.523118554552454,10000000,5,3,0,0.01,1,1093.75,343.75,1843.75,187.5
5.625850099331282,5.625946280661906,9.618133062438972e-05,10000000,5,3,0,0.01,1,1578.125,281.25,1703.125,203.125
