L_slow,L_fast,L_diff,n,d,k,seed,subsample_size,steps
45.378807216854504,34.93234422001238,-10.446462996842122,22784,9,5,0,0.01,3
34.13024520735969,8.96730846491176,-25.162936742447933,22784,9,5,0,0.01,3
8.765674726438284,9.225286999085792,0.45961227264750804,22784,9,5,0,0.01,3
8.765674726438284,9.02523367365091,0.25955894721262496,22784,9,5,0,0.01,3
