L_slow,L_fast,L_diff,n,d,k,seed,subsample_size,steps,t_A,t_B,t_sketching,t_sampling
211538.8820291069,162540.4623410691,-48998.4196880378,89640,5,4,0,0.01,2,0.0,0.0,15.625,0.0
162165.6192373736,162245.8913920772,80.27215470359079,89640,5,4,0,0.01,2,15.625,0.0,31.25,0.0
162139.90526642898,162394.58023099348,254.67496456450317,89640,5,4,0,0.01,2,0.0,15.625,31.25,0.0
