L_slow,L_fast,L_diff,n,d,k,seed,subsample_size,steps
11.222317050827009,7.819122096115191,-3.403194954711818,177147,11,4,0,0.01,2
7.795956312193596,7.819122096115191,0.02316578392159485,177147,11,4,0,0.01,2
7.795504129426215,7.819122096115191,0.023617966688975756,177147,11,4,0,0.01,2
