L_slow_list,L_fast_list,L_diff_list
1.9939185510545263,1.9456236096567787,-0.04829494139774759
1.9297457921086985,1.9456236096567787,0.015877817548080264
1.9228128089452707,1.9456236096567787,0.022810800711507984
1.9222309877265835,1.9456236096567787,0.0233926219301952
1.9221394583228313,1.9456236096567787,0.023484151333947434
1.9221057807554487,1.9456236096567787,0.02351782890133003
1.9220963640429862,1.9456236096567787,0.02352724561379249
1.9220963640429862,1.9456236096567787,0.02352724561379249
