L_slow,L_fast,L_diff,n,d,k,seed,subsample_size,steps,t_A,t_B,t_sketching,t_sampling
14.715965689365007,7.164506819037042,-7.551458870327965,10738,15,5,0,0.01,7,0.0,0.0,15.625,0.0
6.87219406505434,6.8861223575672525,0.013928292512912499,10738,15,5,0,0.01,7,0.0,15.625,15.625,0.0
6.664775900711049,6.40460143996327,-0.2601744607477796,10738,15,5,0,0.01,7,15.625,0.0,15.625,0.0
6.018023582677521,6.556762829131792,0.5387392464542708,10738,15,5,0,0.01,7,0.0,15.625,15.625,0.0
5.942616256529114,5.934423293692211,-0.00819296283690285,10738,15,5,0,0.01,7,0.0,0.0,15.625,0.0
5.729496664217414,6.110436031952804,0.3809393677353903,10738,15,5,0,0.01,7,0.0,0.0,15.625,0.0
5.707090264250712,5.764513822986459,0.05742355873574745,10738,15,5,0,0.01,7,15.625,0.0,15.625,0.0
5.704181933787942,5.7692466903996635,0.06506475661172129,10738,15,5,0,0.01,7,0.0,0.0,15.625,0.0
