L_slow,L_fast,L_diff,n,d,k,seed,subsample_size,steps
12.840282228882236,5.7228605717768914,-7.117421657105345,10000,5,3,0,0.01,4
5.697525993568881,5.7228605717768914,0.025334578208010328,10000,5,3,0,0.01,4
5.629547053465283,5.7228605717768914,0.09331351831160806,10000,5,3,0,0.01,4
5.629538931083491,5.7228605717768914,0.0933216406934001,10000,5,3,0,0.01,4
5.629538931083491,5.7228605717768914,0.0933216406934001,10000,5,3,0,0.01,4
