L_slow,L_fast,L_diff,n,d,k,seed,subsample_size
2522.903108162624,2238.195551873298,-284.707556289326,111753,9,5,0,0.01
2208.0172267224884,2238.195551873298,30.178325150809542,111753,9,5,0,0.01
2208.0172267224884,2238.195551873298,30.178325150809542,111753,9,5,0,0.01
