L_slow,L_fast,L_diff,n,d,k,seed,subsample_size,steps,t_A,t_B,t_sketching,t_sampling
0.07419142654995801,0.0603015756624699,-0.013889850887488113,10081,7,5,0,0.01,5,0.0,0.0,15.625,0.0
0.05544707916821115,0.057829687572718225,0.002382608404507075,10081,7,5,0,0.01,5,0.0,0.0,15.625,0.0
0.05512418748634188,0.056152071687570325,0.0010278842012284434,10081,7,5,0,0.01,5,0.0,0.0,15.625,0.0
0.054791045167565285,0.05743177201242737,0.002640726844862086,10081,7,5,0,0.01,5,0.0,0.0,15.625,0.0
0.054733269398289104,0.055091116025682736,0.00035784662739363204,10081,7,5,0,0.01,5,0.0,0.0,15.625,0.0
0.05472631052197582,0.05581132454423054,0.001085014022254721,10081,7,5,0,0.01,5,0.0,0.0,15.625,0.0
