L_slow,L_fast,L_diff,n,d,k,seed,subsample_size,steps,t_A,t_B,t_sketching,t_sampling
0.08536144329847578,0.09020844460055487,0.0048470013020790875,10081,7,3,0,0.01,3,0.0,0.0,0.0,0.0
0.08375224852105227,0.08412875372905593,0.00037650520800365517,10081,7,3,0,0.01,3,0.0,0.0,0.0,0.0
0.08312980027594637,0.08445014034603167,0.0013203400700853019,10081,7,3,0,0.01,3,0.0,0.0,46.875,0.0
0.0830756925402895,0.08450777377564808,0.0014320812353585816,10081,7,3,0,0.01,3,0.0,0.0,15.625,0.0
