L_slow,L_fast,L_diff,n,d,k,seed,subsample_size,steps,t_A,t_B,t_sketching,t_sampling
38.57349576442126,36.83652982252245,-1.7369659418988093,1000000,8,6,0,0.01,1,234.375,62.5,328.125,15.625
36.82522061706269,36.83014236683747,0.004921749774780437,1000000,8,6,0,0.01,1,312.5,46.875,375.0,31.25
