L_slow,L_fast,L_diff,n,d,k,seed,subsample_size,steps,t_A,t_B,t_sketching,t_sampling
26.96491123703974,16.342685927749628,-10.622225309290112,10000000,8,9,0,0.01,1,3375.0,578.125,4140.625,187.5
16.34182401005496,16.34470103662591,0.002877026570949681,10000000,8,9,0,0.01,1,3703.125,531.25,4125.0,187.5
