L_slow,L_fast,L_diff,n,d,k,seed,subsample_size,steps
19.9953454456336,10.305958333685666,-9.689387111947934,20867,12,5,0,0.01,2
10.095404905323814,10.305958333685666,0.21055342836185176,20867,12,5,0,0.01,2
10.095404905323814,10.305958333685666,0.21055342836185176,20867,12,5,0,0.01,2
