L_slow,L_fast,L_diff,n,d,k,seed,subsample_size,steps
1132449456473531.0,251246019684.87292,-1132198210453846.2,104820,7,3,0,0.01,4
609633633418685.0,251246019684.87292,-609382387399000.1,104820,7,3,0,0.01,4
249083230569.29666,251246019684.87292,2162789115.5762634,104820,7,3,0,0.01,4
249080998355.4138,251246019684.87292,2165021329.459137,104820,7,3,0,0.01,4
249080998260.9064,251246019684.87292,2165021423.966522,104820,7,3,0,0.01,4
