L_slow_list,L_fast_list,L_diff_list
3.349781384882102,2.271049456776961,-1.078731928105141
2.265269502030992,2.271049456776961,0.005779954745968929
2.252685846241349,2.271049456776961,0.018363610535611752
2.2526912535499597,2.271049456776961,0.018358203227001102
2.2526912535499597,2.271049456776961,0.018358203227001102
