L_slow,L_fast,L_diff,n,d,k,seed,subsample_size
29477002.95501123,27246836.674389407,-2230166.280621823,111753,9,4,0,0.01
27175184.58215837,27246836.674389407,71652.09223103523,111753,9,4,0,0.01
27175184.58215837,27246836.674389407,71652.09223103523,111753,9,4,0,0.01
