L_slow,L_fast,L_diff,n,d,k,seed,subsample_size,steps,t_A,t_B,t_sketching,t_sampling
5.163598461964775,5.172498118579918,0.008899656615143137,100000,8,6,0,0.01,2,15.625,0.0,31.25,0.0
5.1550237308430535,5.162439784908921,0.007416054065867428,100000,8,6,0,0.01,2,15.625,0.0,31.25,0.0
5.151292700545879,5.154142929852284,0.0028502293064054385,100000,8,6,0,0.01,2,31.25,0.0,31.25,0.0
