L_slow,L_fast,L_diff,n,d,k,seed,subsample_size,steps,t_A,t_B,t_sketching,t_sampling
5.623881826500706,5.625584125835846,0.0017022993351396565,1000000,5,3,0,0.01,1,109.375,31.25,171.875,15.625
5.623537097557966,5.623890749959676,0.0003536524017100362,1000000,5,3,0,0.01,1,156.25,31.25,171.875,31.25
