L_slow,L_fast,L_diff,n,d,k,seed,subsample_size,steps
45.378807216854504,8.919304140226988,-36.45950307662751,22784,9,5,0,0.01,2
8.765674726438284,8.914857417786996,0.14918269134871132,22784,9,5,0,0.01,2
8.765674726438284,9.027313933126008,0.26163920668772356,22784,9,5,0,0.01,2
