L_slow,L_fast,L_diff,n,d,k,seed,subsample_size,steps
27.134809968477327,23.606294493983487,-3.5285154744938403,581835,10,5,0,0.01,3
23.600619460322733,23.60733552691376,0.0067160665910286355,581835,10,5,0,0.01,3
23.600595849340266,23.636111306715986,0.035515457375719706,581835,10,5,0,0.01,3
23.600572957652094,23.654185936726808,0.05361297907471396,581835,10,5,0,0.01,3
