L_slow,L_fast,L_diff,n,d,k,seed,subsample_size,steps
95196.4654444261,14015.500909338854,-81180.96453508725,241600,15,4,0,0.01,7
13972.785426879165,14034.07871674548,61.29328986631481,241600,15,4,0,0.01,7
13970.936297110022,14543.704695094171,572.7683979841495,241600,15,4,0,0.01,7
13970.47177828807,14122.214558322508,151.7427800344376,241600,15,4,0,0.01,7
13970.358984709575,15394.782622497316,1424.4236377877405,241600,15,4,0,0.01,7
13970.305198230235,14581.813438028214,611.5082397979786,241600,15,4,0,0.01,7
13970.281345285284,14240.638929439014,270.3575841537295,241600,15,4,0,0.01,7
13970.270495700031,14019.692723819906,49.42222811987449,241600,15,4,0,0.01,7
