L_slow,L_fast,L_diff,n,d,k,seed,subsample_size,steps,t_A,t_B,t_sketching,t_sampling
11.081494119086027,8.101802835125428,-2.9796912839606,100000,5,6,0,0.01,2,15.625,0.0,31.25,0.0
8.069736845598813,8.093251441699252,0.023514596100438823,100000,5,6,0,0.01,2,31.25,0.0,31.25,15.625
8.069031510221953,8.08220122824715,0.013169718025197952,100000,5,6,0,0.01,2,15.625,0.0,15.625,0.0
