L_slow,L_fast,L_diff,n,d,k,seed,subsample_size,steps
310944205.6948538,98272770.15160677,-212671435.543247,111753,9,5,0,0.01,7
98600992.51815173,98272770.15160677,-328222.36654496193,111753,9,5,0,0.01,7
98593612.34271002,98272770.15160677,-320842.1911032498,111753,9,5,0,0.01,7
98587500.7380391,98272770.15160677,-314730.58643233776,111753,9,5,0,0.01,7
98534499.34849618,98272770.15160677,-261729.19688941538,111753,9,5,0,0.01,7
98364405.42157707,98272770.15160677,-91635.26997029781,111753,9,5,0,0.01,7
98241634.99123098,98272770.15160677,31135.160375788808,111753,9,5,0,0.01,7
98165472.47116022,98272770.15160677,107297.68044655025,111753,9,5,0,0.01,7
